475253340d0a1a0a010f0000910e00007b2274797065223a2273657373696f6e
222c2270726f746f636f6c223a2272656e6465722d73747265616d2f34222c22
73657373696f6e5f6964223a2230313233343536373839616263646566303132
33343536373839616263646566222c2273747265616d223a7b2273747265616d
5f6964223a223131313131313131313131313131313131313131313131313131
313131313131222c22636f6e6e656374696f6e223a6e756c6c2c227472616e73
706f7274223a2266696c65222c22656e636f64696e67223a2266756c6c227d2c
22656e67696e65223a7b2276657273696f6e5f737472696e67223a22476f646f
7420456e67696e652076342e352e312e737461626c652e6f6666696369616c22
2c22736861323536223a22353463633232383430356535626536313933343139
3265336263353436316339316463623461333237353537386232396138363935
3537613433323265373963222c22646973706c61795f736572766572223a2268
6561646c657373222c2272656e646572696e675f647269766572223a226f7065
6e676c33222c2272656e646572696e675f6d6574686f64223a22676c5f636f6d
7061746962696c697479227d2c2263617074757265223a7b2263616c69627261
746f725f76657273696f6e223a332c22686f6f6b735f706c616e6e6564223a5b
2263616e7661735f637265617465222c2263616e7661735f6974656d5f616464
5f636972636c65222c2263616e7661735f6974656d5f6164645f6c696e65222c
2263616e7661735f6974656d5f6164645f6d657368222c2263616e7661735f69
74656d5f6164645f6d7364665f746578747572655f726563745f726567696f6e
222c2263616e7661735f6974656d5f6164645f6d756c74696d657368222c2263
616e7661735f6974656d5f6164645f6e696e655f7061746368222c2263616e76
61735f6974656d5f6164645f706f6c79676f6e222c2263616e7661735f697465
6d5f6164645f706f6c796c696e65222c2263616e7661735f6974656d5f616464
5f7072696d6974697665222c2263616e7661735f6974656d5f6164645f726563
74222c2263616e7661735f6974656d5f6164645f7365745f7472616e73666f72
6d222c2263616e7661735f6974656d5f6164645f746578747572655f72656374
222c2263616e7661735f6974656d5f6164645f746578747572655f726563745f
726567696f6e222c2263616e7661735f6974656d5f6164645f747269616e676c
655f6172726179222c2263616e7661735f6974656d5f636c656172222c226361
6e7661735f6974656d5f637265617465222c2263616e7661735f6974656d5f73
65745f636c6970222c2263616e7661735f6974656d5f7365745f637573746f6d
5f72656374222c2263616e7661735f6974656d5f7365745f647261775f696e64
6578222c2263616e7661735f6974656d5f7365745f6d6174657269616c222c22
63616e7661735f6974656d5f7365745f6d6f64756c617465222c2263616e7661
735f6974656d5f7365745f706172656e74222c2263616e7661735f6974656d5f
7365745f73656c665f6d6f64756c617465222c2263616e7661735f6974656d5f
7365745f7472616e73666f726d222c2263616e7661735f6974656d5f7365745f
7669736962696c6974795f6c61796572222c2263616e7661735f6974656d5f73
65745f76697369626c65222c2263616e7661735f6974656d5f7365745f7a5f69
6e646578222c2266726565222c226d6174657269616c5f7365745f706172616d
222c226d6573685f6164645f73757266616365222c226d6573685f636c656172
222c226d6573685f637265617465222c226d6573685f7365745f637573746f6d
5f61616262222c226d6573685f737572666163655f7570646174655f61747472
69627574655f726567696f6e222c226d6573685f737572666163655f75706461
74655f7665727465785f726567696f6e222c227368616465725f637265617465
5f66726f6d5f636f6465222c227368616465725f7365745f636f6465222c2274
6578747572655f32645f637265617465222c22746578747572655f32645f7570
64617465222c2276696577706f72745f6174746163685f63616e766173222c22
76696577706f72745f7365745f63616e7661735f7472616e73666f726d225d2c
22686f6f6b735f6f6d6974746564223a5b5d7d2c2276696577706f7274223a7b
2263616e7661735f63756c6c5f6d61736b223a343239343936373239352c2272
6f6f745f63616e766173223a312c226c6f676963616c5f73697a65223a5b3634
302c3336305d2c2273747265746368223a7b226d6f6465223a2264697361626c
6564222c22617370656374223a2269676e6f7265222c227363616c655f6d6f64
65223a226672616374696f6e616c227d2c22737472657463685f6170706c6965
645f6279223a227265636569766572222c22726f6f745f73697a655f706f6c69
6379223a226f627365727665222c22686f73745f73697a655f73746174757322
3a226d61746368222c22686f73745f77696e646f775f73697a65223a5b363430
2c3336305d7d2c227265736f7572636573223a7b2268617368223a2273686132
3536222c227061796c6f616473223a5b2272656e6465722d73747265616d2d6d
6573682f31222c2272656e6465722d73747265616d2d746578747572652f3122
5d2c2264656c6976657279223a226f75742d6f662d62616e64222c22696e6c69
6e655f6d61785f6279746573223a302c226d61785f7061796c6f61645f627974
6573223a31363737373231362c227065726d69747465645f666f726d61747322
3a5b224c38222c224c4138222c225238222c22524738222c2252474238222c22
5247424138225d2c226665746368223a226469726563746f7279222c22687474
705f70617468223a6e756c6c2c2261757468223a226e6f6e65227d2c22666561
7475726573223a7b226f7073223a5b226164645f636972636c65222c22616464
5f636c69705f69676e6f7265222c226164645f6c696e65222c226164645f6d65
7368222c226164645f6d7364665f746578747572655f726563745f726567696f
6e222c226164645f6d756c74696c696e65222c226164645f6e696e655f706174
6368222c226164645f706f6c79676f6e222c226164645f706f6c796c696e6522
2c226164645f7072696d6974697665222c226164645f72656374222c22616464
5f7365745f7472616e73666f726d222c226164645f746578747572655f726563
74222c226164645f746578747572655f726563745f726567696f6e222c226164
645f747269616e676c655f6172726179225d2c226974656d5f7374617465223a
5b22626568696e64222c226368696c6472656e222c22636c6970222c22637573
746f6d5f72656374222c22647261775f696e646578222c226d6f64756c617465
222c22706172656e74222c2273656c665f6d6f64756c617465222c2274657874
7572655f66696c746572222c22746578747572655f726570656174222c227472
616e73666f726d222c227669736962696c6974795f6c61796572222c22766973
69626c65222c227a5f696e646578222c227a5f72656c6174697665225d2c2272
65736f7572636573223a5b226d657368222c22746578747572655f3264222c22
746578747572655f32645f706c616365686f6c646572225d2c22756e73757070
6f727465645f7265736f7572636573223a5b5d2c226f627365727665645f756e
737570706f727465645f6f7073223a5b2263616e7661735f6974656d5f616464
5f616e696d6174696f6e5f736c696365222c2263616e7661735f6974656d5f61
64645f6c63645f746578747572655f726563745f726567696f6e222c2263616e
7661735f6974656d5f6164645f6d756c74696d657368222c2263616e7661735f
6974656d5f6164645f7061727469636c6573222c2263616e7661735f6974656d
5f6174746163685f736b656c65746f6e222c2263616e7661735f6974656d5f73
65745f6d6174657269616c225d2c22756e6f62736572766564223a5b2263616e
7661735f6974656d5f7365745f63616e7661735f67726f75705f6d6f6465222c
2263616e7661735f6974656d5f7365745f696e7374616e63655f736861646572
5f706172616d65746572222c2263616e7661735f6974656d5f7365745f6c6967
68745f6d61736b222c2263616e7661735f6974656d5f7365745f736f72745f63
68696c6472656e5f62795f79222c2263616e7661735f6974656d5f7365745f76
69736962696c6974795f6e6f746966696572222c2263616e7661735f7365745f
6d6f64756c617465222c2263616e7661735f746578747572655f7365745f7368
6164696e675f706172616d6574657273222c22746578747572655f7365745f73
697a655f6f76657272696465222c2276696577706f72745f72656d6f76655f63
616e766173222c2276696577706f72745f7365745f63616e7661735f63756c6c
5f6d61736b222c2276696577706f72745f7365745f676c6f62616c5f63616e76
61735f7472616e73666f726d222c2276696577706f72745f7365745f736e6170
5f32645f7472616e73666f726d735f746f5f706978656c222c2276696577706f
72745f7365745f736e61705f32645f76657274696365735f746f5f706978656c
225d2c227075626c69636174696f6e223a22736e617073686f742d6f722d7061
746368227d2c227361626f74616765223a6e756c6c2c22626c6f636b73223a5b
7b226e616d65223a22636c6561725f636f6c6f72222c2274797065223a226633
32222c22636f756e74223a347d2c7b226e616d65223a22726f6f745f63616e76
61735f78666f726d222c2274797065223a22663332222c22636f756e74223a36
7d2c7b226e616d65223a22686f73745f76697369626c655f72656374222c2274
797065223a22663332222c22636f756e74223a347d2c7b226e616d65223a2268
6f73745f66696e616c5f78666f726d222c2274797065223a22663332222c2263
6f756e74223a367d2c7b226e616d65223a22636f6e74656e745f7363616c655f
666163746f72222c2274797065223a22663332222c22636f756e74223a317d5d
7d05000000100000000000803e0000803e0000003f0000803f18000000000080
3f00000000000000000000803f00000000000000001000000000000000000000
00000020440000b443180000000000803f00000000000000000000803f000000
0000000000040000000000803ffc100000d00e00007b2274797065223a227472
616e73616374696f6e222c22736571223a312c226672616d65223a312c22656e
636f64696e67223a2266756c6c222c22626173655f736571223a6e756c6c2c22
737461747573223a226f6b222c226661696c75726573223a5b5d2c22756e7375
70706f72746564223a5b7b226f70223a2263616e7661735f6974656d5f616464
5f746578747572655f72656374222c226974656d223a332c22726561736f6e22
3a22756e6b6e6f776e2d74657874757265227d2c7b226f70223a2263616e7661
735f6974656d5f6164645f746578747572655f72656374222c226974656d223a
352c22726561736f6e223a22756e737570706f727465642d7465787475726522
7d5d2c2264656661756c745f746578747572655f66696c746572223a226e6561
72657374222c2264656661756c745f746578747572655f726570656174223a22
64697361626c6564222c2272656d6f7665645f63616e7661736573223a5b5d2c
2272656d6f7665645f6974656d73223a5b5d2c2272656d6f7665645f74657874
75726573223a5b5d2c2272656d6f7665645f6d6573686573223a5b5d2c226361
6e7661736573223a5b7b226964223a312c226f726967696e223a22726f6f742d
7175657279222c22726f6c65223a22726f6f74222c226174746163686564223a
747275652c226974656d73223a5b312c322c332c342c355d7d5d2c226974656d
73223a5b7b226964223a312c226f726967696e223a2263726561746564222c22
706172656e74223a7b226b696e64223a2263616e766173222c226964223a317d
2c226368696c6472656e223a5b5d2c2276697369626c65223a747275652c2264
7261775f696e646578223a302c227a5f696e646578223a302c227a5f72656c61
74697665223a747275652c22626568696e64223a66616c73652c22636c697022
3a66616c73652c22637573746f6d5f72656374223a66616c73652c2276697369
62696c6974795f6c61796572223a343239343936373239352c22746578747572
655f66696c746572223a226c696e656172222c22746578747572655f72657065
6174223a22656e61626c6564222c22636f6e74656e745f76657273696f6e223a
312c22636f6d6d616e6473223a5b7b226f70223a226164645f74657874757265
5f72656374222c22746578223a312c2274696c65223a747275652c227472616e
73706f7365223a747275652c2266223a307d5d7d2c7b226964223a322c226f72
6967696e223a2263726561746564222c22706172656e74223a7b226b696e6422
3a2263616e766173222c226964223a317d2c226368696c6472656e223a5b5d2c
2276697369626c65223a747275652c22647261775f696e646578223a312c227a
5f696e646578223a302c227a5f72656c6174697665223a747275652c22626568
696e64223a66616c73652c22636c6970223a66616c73652c22637573746f6d5f
72656374223a66616c73652c227669736962696c6974795f6c61796572223a34
3239343936373239352c22746578747572655f66696c746572223a2264656661
756c74222c22746578747572655f726570656174223a2264656661756c74222c
22636f6e74656e745f76657273696f6e223a312c22636f6d6d616e6473223a5b
7b226f70223a226164645f746578747572655f726563745f726567696f6e222c
22746578223a312c227472616e73706f7365223a747275652c22636c69705f75
76223a747275652c2266223a387d5d7d2c7b226964223a332c226f726967696e
223a2263726561746564222c22706172656e74223a7b226b696e64223a226361
6e766173222c226964223a317d2c226368696c6472656e223a5b5d2c22766973
69626c65223a747275652c22647261775f696e646578223a322c227a5f696e64
6578223a302c227a5f72656c6174697665223a747275652c22626568696e6422
3a66616c73652c22636c6970223a66616c73652c22637573746f6d5f72656374
223a66616c73652c227669736962696c6974795f6c61796572223a3432393439
36373239352c22746578747572655f66696c746572223a2264656661756c7422
2c22746578747572655f726570656174223a2264656661756c74222c22636f6e
74656e745f76657273696f6e223a312c22636f6d6d616e6473223a5b7b226f70
223a22756e737570706f72746564222c226e616d65223a2263616e7661735f69
74656d5f6164645f746578747572655f72656374222c22726561736f6e223a22
756e6b6e6f776e2d74657874757265227d5d7d2c7b226964223a342c226f7269
67696e223a2263726561746564222c22706172656e74223a7b226b696e64223a
2263616e766173222c226964223a317d2c226368696c6472656e223a5b5d2c22
76697369626c65223a747275652c22647261775f696e646578223a332c227a5f
696e646578223a302c227a5f72656c6174697665223a747275652c2262656869
6e64223a66616c73652c22636c6970223a66616c73652c22637573746f6d5f72
656374223a66616c73652c227669736962696c6974795f6c61796572223a3432
39343936373239352c22746578747572655f66696c746572223a226465666175
6c74222c22746578747572655f726570656174223a2264656661756c74222c22
636f6e74656e745f76657273696f6e223a312c22636f6d6d616e6473223a5b7b
226f70223a226164645f746578747572655f72656374222c22746578223a352c
2274696c65223a66616c73652c227472616e73706f7365223a66616c73652c22
66223a32307d5d7d2c7b226964223a352c226f726967696e223a226372656174
6564222c22706172656e74223a7b226b696e64223a2263616e766173222c2269
64223a317d2c226368696c6472656e223a5b5d2c2276697369626c65223a7472
75652c22647261775f696e646578223a342c227a5f696e646578223a302c227a
5f72656c6174697665223a747275652c22626568696e64223a66616c73652c22
636c6970223a66616c73652c22637573746f6d5f72656374223a66616c73652c
227669736962696c6974795f6c61796572223a343239343936373239352c2274
6578747572655f66696c746572223a2264656661756c74222c22746578747572
655f726570656174223a2264656661756c74222c22636f6e74656e745f766572
73696f6e223a312c22636f6d6d616e6473223a5b7b226f70223a226164645f74
6578747572655f72656374222c22746578223a332c2274696c65223a66616c73
652c227472616e73706f7365223a66616c73652c2266223a32387d5d7d5d2c22
7465787475726573223a5b7b226964223a312c226f726967696e223a22637265
61746564222c226b696e64223a22696d616765222c22737461747573223a226f
6b222c22726561736f6e223a6e756c6c2c2276657273696f6e223a312c226861
7368223a22653635613063616631613436313735653339653530316633303030
3031366339623536393538363438666461313430383734663933633966636264
3033666139222c22666f726d6174223a225247424138222c227769647468223a
31362c22686569676874223a31362c226d69706d617073223a66616c73652c22
7061796c6f61645f6279746573223a313133352c2263616e766173223a6e756c
6c7d2c7b226964223a322c226f726967696e223a2263726561746564222c226b
696e64223a22696d616765222c22737461747573223a226f6b222c2272656173
6f6e223a6e756c6c2c2276657273696f6e223a312c2268617368223a22653635
6130636166316134363137356533396535303166333030303031366339623536
3935383634386664613134303837346639336339666362643033666139222c22
666f726d6174223a225247424138222c227769647468223a31362c2268656967
6874223a31362c226d69706d617073223a66616c73652c227061796c6f61645f
6279746573223a313133352c2263616e766173223a6e756c6c7d2c7b22696422
3a332c226f726967696e223a2263726561746564222c226b696e64223a22696d
616765222c22737461747573223a22756e737570706f72746564222c22726561
736f6e223a22756e737570706f727465642d666f726d6174222c227665727369
6f6e223a312c2268617368223a6e756c6c2c22666f726d6174223a2252474241
46222c227769647468223a342c22686569676874223a342c226d69706d617073
223a66616c73652c227061796c6f61645f6279746573223a302c2263616e7661
73223a6e756c6c7d2c7b226964223a342c226f726967696e223a226372656174
6564222c226b696e64223a22706c616365686f6c646572222c22737461747573
223a226f6b222c22726561736f6e223a6e756c6c2c2276657273696f6e223a31
2c2268617368223a6e756c6c2c22666f726d6174223a6e756c6c2c2277696474
68223a302c22686569676874223a302c226d69706d617073223a66616c73652c
227061796c6f61645f6279746573223a302c2263616e766173223a6e756c6c7d
2c7b226964223a352c226f726967696e223a2263726561746564222c226b696e
64223a22696d616765222c22737461747573223a226f6b222c22726561736f6e
223a6e756c6c2c2276657273696f6e223a312c2268617368223a223031306661
3738663532353262626135356437663638396539343937343831393037386462
653434346361373832333339393365353066373039313834303437222c22666f
726d6174223a224c4138222c227769647468223a342c22686569676874223a34
2c226d69706d617073223a66616c73652c227061796c6f61645f627974657322
3a3133372c2263616e766173223a6e756c6c7d5d2c226d6573686573223a5b5d
2c22626c6f636b73223a5b7b226e616d65223a226974656d5f663332222c2274
797065223a22663332222c22636f756e74223a39307d2c7b226e616d65223a22
63616e7661735f663332222c2274797065223a22663332222c22636f756e7422
3a367d2c7b226e616d65223a22636d645f663332222c2274797065223a226633
32222c22636f756e74223a33367d2c7b226e616d65223a22636d645f69333222
2c2274797065223a22693332222c22636f756e74223a307d2c7b226e616d6522
3a226d6573685f663332222c2274797065223a22663332222c22636f756e7422
3a307d5d7d05000000680100000000803f00000000000000000000803f000000
00000000000000803f0000803f0000803f0000803f0000803f0000803f000080
3f0000803f000000000000000000000000000000000000803f00000000000000
000000803f0000a041000000000000803f0000803f0000803f0000803f000080
3f0000803f0000803f0000803f00000000000000000000000000000000000080
3f00000000000000000000803f00002042000000000000803f0000803f000080
3f0000803f0000803f0000803f0000803f0000803f0000000000000000000000
00000000000000803f00000000000000000000803f0000704200000000000080
3f0000803f0000803f0000803f0000803f0000803f0000803f0000803f000000
000000000000000000000000000000803f00000000000000000000803f0000a0
42000000000000803f0000803f0000803f0000803f0000803f0000803f000080
3f0000803f00000000000000000000000000000000180000000000803f000000
00000000000000803f0000000000000000900000000000000000000000000080
41000080410000803f0000803f0000803f0000803f0000004200000000000080
c1000080410000804100000000000080c1000080410000803f0000803f000080
3f0000803f000000000000000000008040000080400000803f0000803f000080
3f0000803f000000000000000000008040000080400000803f0000803f000080
3f0000803f0000000000000000fc100000d00e00007b2274797065223a227472
616e73616374696f6e222c22736571223a322c226672616d65223a322c22656e
636f64696e67223a2266756c6c222c22626173655f736571223a6e756c6c2c22
737461747573223a226f6b222c226661696c75726573223a5b5d2c22756e7375
70706f72746564223a5b7b226f70223a2263616e7661735f6974656d5f616464
5f746578747572655f72656374222c226974656d223a332c22726561736f6e22
3a22756e6b6e6f776e2d74657874757265227d2c7b226f70223a2263616e7661
735f6974656d5f6164645f746578747572655f72656374222c226974656d223a
352c22726561736f6e223a22756e737570706f727465642d7465787475726522
7d5d2c2264656661756c745f746578747572655f66696c746572223a226e6561
72657374222c2264656661756c745f746578747572655f726570656174223a22
64697361626c6564222c2272656d6f7665645f63616e7661736573223a5b5d2c
2272656d6f7665645f6974656d73223a5b5d2c2272656d6f7665645f74657874
75726573223a5b5d2c2272656d6f7665645f6d6573686573223a5b5d2c226361
6e7661736573223a5b7b226964223a312c226f726967696e223a22726f6f742d
7175657279222c22726f6c65223a22726f6f74222c226174746163686564223a
747275652c226974656d73223a5b312c322c332c342c355d7d5d2c226974656d
73223a5b7b226964223a312c226f726967696e223a2263726561746564222c22
706172656e74223a7b226b696e64223a2263616e766173222c226964223a317d
2c226368696c6472656e223a5b5d2c2276697369626c65223a747275652c2264
7261775f696e646578223a302c227a5f696e646578223a302c227a5f72656c61
74697665223a747275652c22626568696e64223a66616c73652c22636c697022
3a66616c73652c22637573746f6d5f72656374223a66616c73652c2276697369
62696c6974795f6c61796572223a343239343936373239352c22746578747572
655f66696c746572223a226c696e656172222c22746578747572655f72657065
6174223a22656e61626c6564222c22636f6e74656e745f76657273696f6e223a
312c22636f6d6d616e6473223a5b7b226f70223a226164645f74657874757265
5f72656374222c22746578223a312c2274696c65223a747275652c227472616e
73706f7365223a747275652c2266223a307d5d7d2c7b226964223a322c226f72
6967696e223a2263726561746564222c22706172656e74223a7b226b696e6422
3a2263616e766173222c226964223a317d2c226368696c6472656e223a5b5d2c
2276697369626c65223a747275652c22647261775f696e646578223a312c227a
5f696e646578223a302c227a5f72656c6174697665223a747275652c22626568
696e64223a66616c73652c22636c6970223a66616c73652c22637573746f6d5f
72656374223a66616c73652c227669736962696c6974795f6c61796572223a34
3239343936373239352c22746578747572655f66696c746572223a2264656661
756c74222c22746578747572655f726570656174223a2264656661756c74222c
22636f6e74656e745f76657273696f6e223a312c22636f6d6d616e6473223a5b
7b226f70223a226164645f746578747572655f726563745f726567696f6e222c
22746578223a312c227472616e73706f7365223a747275652c22636c69705f75
76223a747275652c2266223a387d5d7d2c7b226964223a332c226f726967696e
223a2263726561746564222c22706172656e74223a7b226b696e64223a226361
6e766173222c226964223a317d2c226368696c6472656e223a5b5d2c22766973
69626c65223a747275652c22647261775f696e646578223a322c227a5f696e64
6578223a302c227a5f72656c6174697665223a747275652c22626568696e6422
3a66616c73652c22636c6970223a66616c73652c22637573746f6d5f72656374
223a66616c73652c227669736962696c6974795f6c61796572223a3432393439
36373239352c22746578747572655f66696c746572223a2264656661756c7422
2c22746578747572655f726570656174223a2264656661756c74222c22636f6e
74656e745f76657273696f6e223a312c22636f6d6d616e6473223a5b7b226f70
223a22756e737570706f72746564222c226e616d65223a2263616e7661735f69
74656d5f6164645f746578747572655f72656374222c22726561736f6e223a22
756e6b6e6f776e2d74657874757265227d5d7d2c7b226964223a342c226f7269
67696e223a2263726561746564222c22706172656e74223a7b226b696e64223a
2263616e766173222c226964223a317d2c226368696c6472656e223a5b5d2c22
76697369626c65223a747275652c22647261775f696e646578223a332c227a5f
696e646578223a302c227a5f72656c6174697665223a747275652c2262656869
6e64223a66616c73652c22636c6970223a66616c73652c22637573746f6d5f72
656374223a66616c73652c227669736962696c6974795f6c61796572223a3432
39343936373239352c22746578747572655f66696c746572223a226465666175
6c74222c22746578747572655f726570656174223a2264656661756c74222c22
636f6e74656e745f76657273696f6e223a312c22636f6d6d616e6473223a5b7b
226f70223a226164645f746578747572655f72656374222c22746578223a352c
2274696c65223a66616c73652c227472616e73706f7365223a66616c73652c22
66223a32307d5d7d2c7b226964223a352c226f726967696e223a226372656174
6564222c22706172656e74223a7b226b696e64223a2263616e766173222c2269
64223a317d2c226368696c6472656e223a5b5d2c2276697369626c65223a7472
75652c22647261775f696e646578223a342c227a5f696e646578223a302c227a
5f72656c6174697665223a747275652c22626568696e64223a66616c73652c22
636c6970223a66616c73652c22637573746f6d5f72656374223a66616c73652c
227669736962696c6974795f6c61796572223a343239343936373239352c2274
6578747572655f66696c746572223a2264656661756c74222c22746578747572
655f726570656174223a2264656661756c74222c22636f6e74656e745f766572
73696f6e223a312c22636f6d6d616e6473223a5b7b226f70223a226164645f74
6578747572655f72656374222c22746578223a332c2274696c65223a66616c73
652c227472616e73706f7365223a66616c73652c2266223a32387d5d7d5d2c22
7465787475726573223a5b7b226964223a312c226f726967696e223a22637265
61746564222c226b696e64223a22696d616765222c22737461747573223a226f
6b222c22726561736f6e223a6e756c6c2c2276657273696f6e223a312c226861
7368223a22653635613063616631613436313735653339653530316633303030
3031366339623536393538363438666461313430383734663933633966636264
3033666139222c22666f726d6174223a225247424138222c227769647468223a
31362c22686569676874223a31362c226d69706d617073223a66616c73652c22
7061796c6f61645f6279746573223a313133352c2263616e766173223a6e756c
6c7d2c7b226964223a322c226f726967696e223a2263726561746564222c226b
696e64223a22696d616765222c22737461747573223a226f6b222c2272656173
6f6e223a6e756c6c2c2276657273696f6e223a312c2268617368223a22653635
6130636166316134363137356533396535303166333030303031366339623536
3935383634386664613134303837346639336339666362643033666139222c22
666f726d6174223a225247424138222c227769647468223a31362c2268656967
6874223a31362c226d69706d617073223a66616c73652c227061796c6f61645f
6279746573223a313133352c2263616e766173223a6e756c6c7d2c7b22696422
3a332c226f726967696e223a2263726561746564222c226b696e64223a22696d
616765222c22737461747573223a22756e737570706f72746564222c22726561
736f6e223a22756e737570706f727465642d666f726d6174222c227665727369
6f6e223a312c2268617368223a6e756c6c2c22666f726d6174223a2252474241
46222c227769647468223a342c22686569676874223a342c226d69706d617073
223a66616c73652c227061796c6f61645f6279746573223a302c2263616e7661
73223a6e756c6c7d2c7b226964223a342c226f726967696e223a226372656174
6564222c226b696e64223a22706c616365686f6c646572222c22737461747573
223a226f6b222c22726561736f6e223a6e756c6c2c2276657273696f6e223a31
2c2268617368223a6e756c6c2c22666f726d6174223a6e756c6c2c2277696474
68223a302c22686569676874223a302c226d69706d617073223a66616c73652c
227061796c6f61645f6279746573223a302c2263616e766173223a6e756c6c7d
2c7b226964223a352c226f726967696e223a2263726561746564222c226b696e
64223a22696d616765222c22737461747573223a226f6b222c22726561736f6e
223a6e756c6c2c2276657273696f6e223a312c2268617368223a223031306661
3738663532353262626135356437663638396539343937343831393037386462
653434346361373832333339393365353066373039313834303437222c22666f
726d6174223a224c4138222c227769647468223a342c22686569676874223a34
2c226d69706d617073223a66616c73652c227061796c6f61645f627974657322
3a3133372c2263616e766173223a6e756c6c7d5d2c226d6573686573223a5b5d
2c22626c6f636b73223a5b7b226e616d65223a226974656d5f663332222c2274
797065223a22663332222c22636f756e74223a39307d2c7b226e616d65223a22
63616e7661735f663332222c2274797065223a22663332222c22636f756e7422
3a367d2c7b226e616d65223a22636d645f663332222c2274797065223a226633
32222c22636f756e74223a33367d2c7b226e616d65223a22636d645f69333222
2c2274797065223a22693332222c22636f756e74223a307d2c7b226e616d6522
3a226d6573685f663332222c2274797065223a22663332222c22636f756e7422
3a307d5d7d05000000680100000000803f00000000000000000000803f000000
41000000000000803f0000803f0000803f0000803f0000803f0000803f000080
3f0000803f000000000000000000000000000000000000803f00000000000000
000000803f0000a041000000000000803f0000803f0000803f0000803f000080
3f0000803f0000803f0000803f00000000000000000000000000000000000080
3f00000000000000000000803f00002042000000000000803f0000803f000080
3f0000803f0000803f0000803f0000803f0000803f0000000000000000000000
00000000000000803f00000000000000000000803f0000704200000000000080
3f0000803f0000803f0000803f0000803f0000803f0000803f0000803f000000
000000000000000000000000000000803f00000000000000000000803f0000a0
42000000000000803f0000803f0000803f0000803f0000803f0000803f000080
3f0000803f00000000000000000000000000000000180000000000803f000000
00000000000000803f0000000000000000900000000000000000000000000080
41000080410000803f0000803f0000803f0000803f0000004200000000000080
c1000080410000804100000000000080c1000080410000803f0000803f000080
3f0000803f000000000000000000008040000080400000803f0000803f000080
3f0000803f000000000000000000008040000080400000803f0000803f000080
3f0000803f0000000000000000fc100000d00e00007b2274797065223a227472
616e73616374696f6e222c22736571223a332c226672616d65223a332c22656e
636f64696e67223a2266756c6c222c22626173655f736571223a6e756c6c2c22
737461747573223a226f6b222c226661696c75726573223a5b5d2c22756e7375
70706f72746564223a5b7b226f70223a2263616e7661735f6974656d5f616464
5f746578747572655f72656374222c226974656d223a332c22726561736f6e22
3a22756e6b6e6f776e2d74657874757265227d2c7b226f70223a2263616e7661
735f6974656d5f6164645f746578747572655f72656374222c226974656d223a
352c22726561736f6e223a22756e737570706f727465642d7465787475726522
7d5d2c2264656661756c745f746578747572655f66696c746572223a226e6561
72657374222c2264656661756c745f746578747572655f726570656174223a22
64697361626c6564222c2272656d6f7665645f63616e7661736573223a5b5d2c
2272656d6f7665645f6974656d73223a5b5d2c2272656d6f7665645f74657874
75726573223a5b5d2c2272656d6f7665645f6d6573686573223a5b5d2c226361
6e7661736573223a5b7b226964223a312c226f726967696e223a22726f6f742d
7175657279222c22726f6c65223a22726f6f74222c226174746163686564223a
747275652c226974656d73223a5b312c322c332c342c355d7d5d2c226974656d
73223a5b7b226964223a312c226f726967696e223a2263726561746564222c22
706172656e74223a7b226b696e64223a2263616e766173222c226964223a317d
2c226368696c6472656e223a5b5d2c2276697369626c65223a747275652c2264
7261775f696e646578223a302c227a5f696e646578223a302c227a5f72656c61
74697665223a747275652c22626568696e64223a66616c73652c22636c697022
3a66616c73652c22637573746f6d5f72656374223a66616c73652c2276697369
62696c6974795f6c61796572223a343239343936373239352c22746578747572
655f66696c746572223a226c696e656172222c22746578747572655f72657065
6174223a22656e61626c6564222c22636f6e74656e745f76657273696f6e223a
312c22636f6d6d616e6473223a5b7b226f70223a226164645f74657874757265
5f72656374222c22746578223a312c2274696c65223a747275652c227472616e
73706f7365223a747275652c2266223a307d5d7d2c7b226964223a322c226f72
6967696e223a2263726561746564222c22706172656e74223a7b226b696e6422
3a2263616e766173222c226964223a317d2c226368696c6472656e223a5b5d2c
2276697369626c65223a747275652c22647261775f696e646578223a312c227a
5f696e646578223a302c227a5f72656c6174697665223a747275652c22626568
696e64223a66616c73652c22636c6970223a66616c73652c22637573746f6d5f
72656374223a66616c73652c227669736962696c6974795f6c61796572223a34
3239343936373239352c22746578747572655f66696c746572223a2264656661
756c74222c22746578747572655f726570656174223a2264656661756c74222c
22636f6e74656e745f76657273696f6e223a312c22636f6d6d616e6473223a5b
7b226f70223a226164645f746578747572655f726563745f726567696f6e222c
22746578223a312c227472616e73706f7365223a747275652c22636c69705f75
76223a747275652c2266223a387d5d7d2c7b226964223a332c226f726967696e
223a2263726561746564222c22706172656e74223a7b226b696e64223a226361
6e766173222c226964223a317d2c226368696c6472656e223a5b5d2c22766973
69626c65223a747275652c22647261775f696e646578223a322c227a5f696e64
6578223a302c227a5f72656c6174697665223a747275652c22626568696e6422
3a66616c73652c22636c6970223a66616c73652c22637573746f6d5f72656374
223a66616c73652c227669736962696c6974795f6c61796572223a3432393439
36373239352c22746578747572655f66696c746572223a2264656661756c7422
2c22746578747572655f726570656174223a2264656661756c74222c22636f6e
74656e745f76657273696f6e223a312c22636f6d6d616e6473223a5b7b226f70
223a22756e737570706f72746564222c226e616d65223a2263616e7661735f69
74656d5f6164645f746578747572655f72656374222c22726561736f6e223a22
756e6b6e6f776e2d74657874757265227d5d7d2c7b226964223a342c226f7269
67696e223a2263726561746564222c22706172656e74223a7b226b696e64223a
2263616e766173222c226964223a317d2c226368696c6472656e223a5b5d2c22
76697369626c65223a747275652c22647261775f696e646578223a332c227a5f
696e646578223a302c227a5f72656c6174697665223a747275652c2262656869
6e64223a66616c73652c22636c6970223a66616c73652c22637573746f6d5f72
656374223a66616c73652c227669736962696c6974795f6c61796572223a3432
39343936373239352c22746578747572655f66696c746572223a226465666175
6c74222c22746578747572655f726570656174223a2264656661756c74222c22
636f6e74656e745f76657273696f6e223a312c22636f6d6d616e6473223a5b7b
226f70223a226164645f746578747572655f72656374222c22746578223a352c
2274696c65223a66616c73652c227472616e73706f7365223a66616c73652c22
66223a32307d5d7d2c7b226964223a352c226f726967696e223a226372656174
6564222c22706172656e74223a7b226b696e64223a2263616e766173222c2269
64223a317d2c226368696c6472656e223a5b5d2c2276697369626c65223a7472
75652c22647261775f696e646578223a342c227a5f696e646578223a302c227a
5f72656c6174697665223a747275652c22626568696e64223a66616c73652c22
636c6970223a66616c73652c22637573746f6d5f72656374223a66616c73652c
227669736962696c6974795f6c61796572223a343239343936373239352c2274
6578747572655f66696c746572223a2264656661756c74222c22746578747572
655f726570656174223a2264656661756c74222c22636f6e74656e745f766572
73696f6e223a312c22636f6d6d616e6473223a5b7b226f70223a226164645f74
6578747572655f72656374222c22746578223a332c2274696c65223a66616c73
652c227472616e73706f7365223a66616c73652c2266223a32387d5d7d5d2c22
7465787475726573223a5b7b226964223a312c226f726967696e223a22637265
61746564222c226b696e64223a22696d616765222c22737461747573223a226f
6b222c22726561736f6e223a6e756c6c2c2276657273696f6e223a322c226861
7368223a22326361656233616331363838383161613034373038363331623763
6331343237633435326331613033393364303936343531613965656636383431
6263373430222c22666f726d6174223a225247424138222c227769647468223a
31362c22686569676874223a31362c226d69706d617073223a66616c73652c22
7061796c6f61645f6279746573223a313133352c2263616e766173223a6e756c
6c7d2c7b226964223a322c226f726967696e223a2263726561746564222c226b
696e64223a22696d616765222c22737461747573223a226f6b222c2272656173
6f6e223a6e756c6c2c2276657273696f6e223a312c2268617368223a22653635
6130636166316134363137356533396535303166333030303031366339623536
3935383634386664613134303837346639336339666362643033666139222c22
666f726d6174223a225247424138222c227769647468223a31362c2268656967
6874223a31362c226d69706d617073223a66616c73652c227061796c6f61645f
6279746573223a313133352c2263616e766173223a6e756c6c7d2c7b22696422
3a332c226f726967696e223a2263726561746564222c226b696e64223a22696d
616765222c22737461747573223a22756e737570706f72746564222c22726561
736f6e223a22756e737570706f727465642d666f726d6174222c227665727369
6f6e223a312c2268617368223a6e756c6c2c22666f726d6174223a2252474241
46222c227769647468223a342c22686569676874223a342c226d69706d617073
223a66616c73652c227061796c6f61645f6279746573223a302c2263616e7661
73223a6e756c6c7d2c7b226964223a342c226f726967696e223a226372656174
6564222c226b696e64223a22706c616365686f6c646572222c22737461747573
223a226f6b222c22726561736f6e223a6e756c6c2c2276657273696f6e223a31
2c2268617368223a6e756c6c2c22666f726d6174223a6e756c6c2c2277696474
68223a302c22686569676874223a302c226d69706d617073223a66616c73652c
227061796c6f61645f6279746573223a302c2263616e766173223a6e756c6c7d
2c7b226964223a352c226f726967696e223a2263726561746564222c226b696e
64223a22696d616765222c22737461747573223a226f6b222c22726561736f6e
223a6e756c6c2c2276657273696f6e223a312c2268617368223a223031306661
3738663532353262626135356437663638396539343937343831393037386462
653434346361373832333339393365353066373039313834303437222c22666f
726d6174223a224c4138222c227769647468223a342c22686569676874223a34
2c226d69706d617073223a66616c73652c227061796c6f61645f627974657322
3a3133372c2263616e766173223a6e756c6c7d5d2c226d6573686573223a5b5d
2c22626c6f636b73223a5b7b226e616d65223a226974656d5f663332222c2274
797065223a22663332222c22636f756e74223a39307d2c7b226e616d65223a22
63616e7661735f663332222c2274797065223a22663332222c22636f756e7422
3a367d2c7b226e616d65223a22636d645f663332222c2274797065223a226633
32222c22636f756e74223a33367d2c7b226e616d65223a22636d645f69333222
2c2274797065223a22693332222c22636f756e74223a307d2c7b226e616d6522
3a226d6573685f663332222c2274797065223a22663332222c22636f756e7422
3a307d5d7d05000000680100000000803f00000000000000000000803f000000
41000000000000803f0000803f0000803f0000803f0000803f0000803f000080
3f0000803f000000000000000000000000000000000000803f00000000000000
000000803f0000a041000000000000803f0000803f0000803f0000803f000080
3f0000803f0000803f0000803f00000000000000000000000000000000000080
3f00000000000000000000803f00002042000000000000803f0000803f000080
3f0000803f0000803f0000803f0000803f0000803f0000000000000000000000
00000000000000803f00000000000000000000803f0000704200000000000080
3f0000803f0000803f0000803f0000803f0000803f0000803f0000803f000000
000000000000000000000000000000803f00000000000000000000803f0000a0
42000000000000803f0000803f0000803f0000803f0000803f0000803f000080
3f0000803f00000000000000000000000000000000180000000000803f000000
00000000000000803f0000000000000000900000000000000000000000000080
41000080410000803f0000803f0000803f0000803f0000004200000000000080
c1000080410000804100000000000080c1000080410000803f0000803f000080
3f0000803f000000000000000000008040000080400000803f0000803f000080
3f0000803f000000000000000000008040000080400000803f0000803f000080
3f0000803f0000000000000000f1110000c50f00007b2274797065223a227472
616e73616374696f6e222c22736571223a342c226672616d65223a342c22656e
636f64696e67223a2266756c6c222c22626173655f736571223a6e756c6c2c22
737461747573223a226f6b222c226661696c75726573223a5b5d2c22756e7375
70706f72746564223a5b7b226f70223a2263616e7661735f6974656d5f616464
5f746578747572655f72656374222c226974656d223a332c22726561736f6e22
3a22756e6b6e6f776e2d74657874757265227d2c7b226f70223a2263616e7661
735f6974656d5f6164645f746578747572655f72656374222c226974656d223a
352c22726561736f6e223a22756e737570706f727465642d7465787475726522
7d5d2c2264656661756c745f746578747572655f66696c746572223a226c696e
656172222c2264656661756c745f746578747572655f726570656174223a2264
697361626c6564222c2272656d6f7665645f63616e7661736573223a5b5d2c22
72656d6f7665645f6974656d73223a5b5d2c2272656d6f7665645f7465787475
726573223a5b5d2c2272656d6f7665645f6d6573686573223a5b5d2c2263616e
7661736573223a5b7b226964223a312c226f726967696e223a22726f6f742d71
75657279222c22726f6c65223a22726f6f74222c226174746163686564223a74
7275652c226974656d73223a5b312c322c332c342c355d7d5d2c226974656d73
223a5b7b226964223a312c226f726967696e223a2263726561746564222c2270
6172656e74223a7b226b696e64223a2263616e766173222c226964223a317d2c
226368696c6472656e223a5b5d2c2276697369626c65223a747275652c226472
61775f696e646578223a302c227a5f696e646578223a302c227a5f72656c6174
697665223a747275652c22626568696e64223a66616c73652c22636c6970223a
66616c73652c22637573746f6d5f72656374223a66616c73652c227669736962
696c6974795f6c61796572223a343239343936373239352c2274657874757265
5f66696c746572223a226c696e656172222c22746578747572655f7265706561
74223a22656e61626c6564222c22636f6e74656e745f76657273696f6e223a31
2c22636f6d6d616e6473223a5b7b226f70223a226164645f746578747572655f
72656374222c22746578223a312c2274696c65223a747275652c227472616e73
706f7365223a747275652c2266223a307d5d7d2c7b226964223a322c226f7269
67696e223a2263726561746564222c22706172656e74223a7b226b696e64223a
2263616e766173222c226964223a317d2c226368696c6472656e223a5b5d2c22
76697369626c65223a747275652c22647261775f696e646578223a312c227a5f
696e646578223a302c227a5f72656c6174697665223a747275652c2262656869
6e64223a66616c73652c22636c6970223a66616c73652c22637573746f6d5f72
656374223a66616c73652c227669736962696c6974795f6c61796572223a3432
39343936373239352c22746578747572655f66696c746572223a226465666175
6c74222c22746578747572655f726570656174223a2264656661756c74222c22
636f6e74656e745f76657273696f6e223a312c22636f6d6d616e6473223a5b7b
226f70223a226164645f746578747572655f726563745f726567696f6e222c22
746578223a312c227472616e73706f7365223a747275652c22636c69705f7576
223a747275652c2266223a387d5d7d2c7b226964223a332c226f726967696e22
3a2263726561746564222c22706172656e74223a7b226b696e64223a2263616e
766173222c226964223a317d2c226368696c6472656e223a5b5d2c2276697369
626c65223a747275652c22647261775f696e646578223a322c227a5f696e6465
78223a302c227a5f72656c6174697665223a747275652c22626568696e64223a
66616c73652c22636c6970223a66616c73652c22637573746f6d5f7265637422
3a66616c73652c227669736962696c6974795f6c61796572223a343239343936
373239352c22746578747572655f66696c746572223a2264656661756c74222c
22746578747572655f726570656174223a2264656661756c74222c22636f6e74
656e745f76657273696f6e223a312c22636f6d6d616e6473223a5b7b226f7022
3a22756e737570706f72746564222c226e616d65223a2263616e7661735f6974
656d5f6164645f746578747572655f72656374222c22726561736f6e223a2275
6e6b6e6f776e2d74657874757265227d5d7d2c7b226964223a342c226f726967
696e223a2263726561746564222c22706172656e74223a7b226b696e64223a22
63616e766173222c226964223a317d2c226368696c6472656e223a5b5d2c2276
697369626c65223a747275652c22647261775f696e646578223a332c227a5f69
6e646578223a302c227a5f72656c6174697665223a747275652c22626568696e
64223a66616c73652c22636c6970223a66616c73652c22637573746f6d5f7265
6374223a66616c73652c227669736962696c6974795f6c61796572223a343239
343936373239352c22746578747572655f66696c746572223a2264656661756c
74222c22746578747572655f726570656174223a2264656661756c74222c2263
6f6e74656e745f76657273696f6e223a312c22636f6d6d616e6473223a5b7b22
6f70223a226164645f746578747572655f72656374222c22746578223a352c22
74696c65223a66616c73652c227472616e73706f7365223a66616c73652c2266
223a32307d5d7d2c7b226964223a352c226f726967696e223a22637265617465
64222c22706172656e74223a7b226b696e64223a2263616e766173222c226964
223a317d2c226368696c6472656e223a5b5d2c2276697369626c65223a747275
652c22647261775f696e646578223a342c227a5f696e646578223a302c227a5f
72656c6174697665223a747275652c22626568696e64223a66616c73652c2263
6c6970223a66616c73652c22637573746f6d5f72656374223a66616c73652c22
7669736962696c6974795f6c61796572223a343239343936373239352c227465
78747572655f66696c746572223a2264656661756c74222c2274657874757265
5f726570656174223a2264656661756c74222c22636f6e74656e745f76657273
696f6e223a312c22636f6d6d616e6473223a5b7b226f70223a226164645f7465
78747572655f72656374222c22746578223a332c2274696c65223a66616c7365
2c227472616e73706f7365223a66616c73652c2266223a32387d5d7d5d2c2274
65787475726573223a5b7b226964223a312c226f726967696e223a2263726561
746564222c226b696e64223a22696d616765222c22737461747573223a226f6b
222c22726561736f6e223a6e756c6c2c2276657273696f6e223a322c22686173
68223a2232636165623361633136383838316161303437303836333162376363
3134323763343532633161303339336430393634353161396565663638343162
63373430222c22666f726d6174223a225247424138222c227769647468223a31
362c22686569676874223a31362c226d69706d617073223a66616c73652c2270
61796c6f61645f6279746573223a313133352c2263616e766173223a6e756c6c
7d2c7b226964223a322c226f726967696e223a2263726561746564222c226b69
6e64223a22696d616765222c22737461747573223a226f6b222c22726561736f
6e223a6e756c6c2c2276657273696f6e223a312c2268617368223a2265363561
3063616631613436313735653339653530316633303030303136633962353639
35383634386664613134303837346639336339666362643033666139222c2266
6f726d6174223a225247424138222c227769647468223a31362c226865696768
74223a31362c226d69706d617073223a66616c73652c227061796c6f61645f62
79746573223a313133352c2263616e766173223a6e756c6c7d2c7b226964223a
332c226f726967696e223a2263726561746564222c226b696e64223a22696d61
6765222c22737461747573223a22756e737570706f72746564222c2272656173
6f6e223a22756e737570706f727465642d666f726d6174222c2276657273696f
6e223a312c2268617368223a6e756c6c2c22666f726d6174223a225247424146
222c227769647468223a342c22686569676874223a342c226d69706d61707322
3a66616c73652c227061796c6f61645f6279746573223a302c2263616e766173
223a6e756c6c7d2c7b226964223a342c226f726967696e223a22637265617465
64222c226b696e64223a22696d616765222c22737461747573223a226f6b222c
22726561736f6e223a6e756c6c2c2276657273696f6e223a322c226861736822
3a22663636323763383230623365306263653538343731623234343136323734
3738373039636637643666343838363737366439316630316365643238643438
6633222c22666f726d6174223a225247424138222c227769647468223a382c22
686569676874223a382c226d69706d617073223a747275652c227061796c6f61
645f6279746573223a3434372c2263616e766173223a6e756c6c7d2c7b226964
223a352c226f726967696e223a2263726561746564222c226b696e64223a2269
6d616765222c22737461747573223a226672656564222c22726561736f6e223a
6e756c6c2c2276657273696f6e223a312c2268617368223a6e756c6c2c22666f
726d6174223a6e756c6c2c227769647468223a302c22686569676874223a302c
226d69706d617073223a66616c73652c227061796c6f61645f6279746573223a
302c2263616e766173223a6e756c6c7d2c7b226964223a362c226f726967696e
223a2263726561746564222c226b696e64223a22696d616765222c2273746174
7573223a226f6b222c22726561736f6e223a6e756c6c2c2276657273696f6e22
3a312c2268617368223a22653635613063616631613436313735653339653530
3166333030303031366339623536393538363438666461313430383734663933
6339666362643033666139222c22666f726d6174223a225247424138222c2277
69647468223a31362c22686569676874223a31362c226d69706d617073223a66
616c73652c227061796c6f61645f6279746573223a313133352c2263616e7661
73223a6e756c6c7d5d2c226d6573686573223a5b5d2c22626c6f636b73223a5b
7b226e616d65223a226974656d5f663332222c2274797065223a22663332222c
22636f756e74223a39307d2c7b226e616d65223a2263616e7661735f66333222
2c2274797065223a22663332222c22636f756e74223a367d2c7b226e616d6522
3a22636d645f663332222c2274797065223a22663332222c22636f756e74223a
33367d2c7b226e616d65223a22636d645f693332222c2274797065223a226933
32222c22636f756e74223a307d2c7b226e616d65223a226d6573685f66333222
2c2274797065223a22663332222c22636f756e74223a307d5d7d050000006801
00000000803f00000000000000000000803f00000041000000000000803f0000
803f0000803f0000803f0000803f0000803f0000803f0000803f000000000000
000000000000000000000000803f00000000000000000000803f0000a0410000
00000000803f0000803f0000803f0000803f0000803f0000803f0000803f0000
803f000000000000000000000000000000000000803f00000000000000000000
803f00002042000000000000803f0000803f0000803f0000803f0000803f0000
803f0000803f0000803f000000000000000000000000000000000000803f0000
0000000000000000803f00007042000000000000803f0000803f0000803f0000
803f0000803f0000803f0000803f0000803f0000000000000000000000000000
00000000803f00000000000000000000803f0000a042000000000000803f0000
803f0000803f0000803f0000803f0000803f0000803f0000803f000000000000
00000000000000000000180000000000803f00000000000000000000803f0000
00000000000090000000000000000000000000008041000080410000803f0000
803f0000803f0000803f0000004200000000000080c100008041000080410000
0000000080c1000080410000803f0000803f0000803f0000803f000000000000
000000008040000080400000803f0000803f0000803f0000803f000000000000
000000008040000080400000803f0000803f0000803f0000803f000000000000
00003f110000130f00007b2274797065223a227472616e73616374696f6e222c
22736571223a352c226672616d65223a352c22656e636f64696e67223a226675
6c6c222c22626173655f736571223a6e756c6c2c22737461747573223a226f6b
222c226661696c75726573223a5b5d2c22756e737570706f72746564223a5b7b
226f70223a2263616e7661735f6974656d5f6164645f746578747572655f7265
6374222c226974656d223a332c22726561736f6e223a22756e6b6e6f776e2d74
657874757265227d2c7b226f70223a2263616e7661735f6974656d5f6164645f
746578747572655f72656374222c226974656d223a352c22726561736f6e223a
22756e737570706f727465642d74657874757265227d5d2c2264656661756c74
5f746578747572655f66696c746572223a226c696e656172222c226465666175
6c745f746578747572655f726570656174223a2264697361626c6564222c2272
656d6f7665645f63616e7661736573223a5b5d2c2272656d6f7665645f697465
6d73223a5b5d2c2272656d6f7665645f7465787475726573223a5b5d2c227265
6d6f7665645f6d6573686573223a5b5d2c2263616e7661736573223a5b7b2269
64223a312c226f726967696e223a22726f6f742d7175657279222c22726f6c65
223a22726f6f74222c226174746163686564223a747275652c226974656d7322
3a5b312c322c332c342c355d7d5d2c226974656d73223a5b7b226964223a312c
226f726967696e223a2263726561746564222c22706172656e74223a7b226b69
6e64223a2263616e766173222c226964223a317d2c226368696c6472656e223a
5b5d2c2276697369626c65223a747275652c22647261775f696e646578223a30
2c227a5f696e646578223a302c227a5f72656c6174697665223a747275652c22
626568696e64223a66616c73652c22636c6970223a66616c73652c2263757374
6f6d5f72656374223a66616c73652c227669736962696c6974795f6c61796572
223a343239343936373239352c22746578747572655f66696c746572223a226c
696e656172222c22746578747572655f726570656174223a22656e61626c6564
222c22636f6e74656e745f76657273696f6e223a312c22636f6d6d616e647322
3a5b7b226f70223a226164645f746578747572655f72656374222c2274657822
3a312c2274696c65223a747275652c227472616e73706f7365223a747275652c
2266223a307d5d7d2c7b226964223a322c226f726967696e223a226372656174
6564222c22706172656e74223a7b226b696e64223a2263616e766173222c2269
64223a317d2c226368696c6472656e223a5b5d2c2276697369626c65223a7472
75652c22647261775f696e646578223a312c227a5f696e646578223a302c227a
5f72656c6174697665223a747275652c22626568696e64223a66616c73652c22
636c6970223a66616c73652c22637573746f6d5f72656374223a66616c73652c
227669736962696c6974795f6c61796572223a343239343936373239352c2274
6578747572655f66696c746572223a2264656661756c74222c22746578747572
655f726570656174223a2264656661756c74222c22636f6e74656e745f766572
73696f6e223a312c22636f6d6d616e6473223a5b7b226f70223a226164645f74
6578747572655f726563745f726567696f6e222c22746578223a312c22747261
6e73706f7365223a747275652c22636c69705f7576223a747275652c2266223a
387d5d7d2c7b226964223a332c226f726967696e223a2263726561746564222c
22706172656e74223a7b226b696e64223a2263616e766173222c226964223a31
7d2c226368696c6472656e223a5b5d2c2276697369626c65223a747275652c22
647261775f696e646578223a322c227a5f696e646578223a302c227a5f72656c
6174697665223a747275652c22626568696e64223a66616c73652c22636c6970
223a66616c73652c22637573746f6d5f72656374223a66616c73652c22766973
6962696c6974795f6c61796572223a343239343936373239352c227465787475
72655f66696c746572223a2264656661756c74222c22746578747572655f7265
70656174223a2264656661756c74222c22636f6e74656e745f76657273696f6e
223a312c22636f6d6d616e6473223a5b7b226f70223a22756e737570706f7274
6564222c226e616d65223a2263616e7661735f6974656d5f6164645f74657874
7572655f72656374222c22726561736f6e223a22756e6b6e6f776e2d74657874
757265227d5d7d2c7b226964223a342c226f726967696e223a22637265617465
64222c22706172656e74223a7b226b696e64223a2263616e766173222c226964
223a317d2c226368696c6472656e223a5b5d2c2276697369626c65223a747275
652c22647261775f696e646578223a332c227a5f696e646578223a302c227a5f
72656c6174697665223a747275652c22626568696e64223a66616c73652c2263
6c6970223a66616c73652c22637573746f6d5f72656374223a66616c73652c22
7669736962696c6974795f6c61796572223a343239343936373239352c227465
78747572655f66696c746572223a2264656661756c74222c2274657874757265
5f726570656174223a2264656661756c74222c22636f6e74656e745f76657273
696f6e223a322c22636f6d6d616e6473223a5b7b226f70223a226164645f7465
78747572655f72656374222c22746578223a6e756c6c2c2274696c65223a6661
6c73652c227472616e73706f7365223a66616c73652c2266223a32307d5d7d2c
7b226964223a352c226f726967696e223a2263726561746564222c2270617265
6e74223a7b226b696e64223a2263616e766173222c226964223a317d2c226368
696c6472656e223a5b5d2c2276697369626c65223a747275652c22647261775f
696e646578223a342c227a5f696e646578223a302c227a5f72656c6174697665
223a747275652c22626568696e64223a66616c73652c22636c6970223a66616c
73652c22637573746f6d5f72656374223a66616c73652c227669736962696c69
74795f6c61796572223a343239343936373239352c22746578747572655f6669
6c746572223a2264656661756c74222c22746578747572655f72657065617422
3a2264656661756c74222c22636f6e74656e745f76657273696f6e223a312c22
636f6d6d616e6473223a5b7b226f70223a226164645f746578747572655f7265
6374222c22746578223a332c2274696c65223a66616c73652c227472616e7370
6f7365223a66616c73652c2266223a32387d5d7d5d2c22746578747572657322
3a5b7b226964223a312c226f726967696e223a2263726561746564222c226b69
6e64223a22696d616765222c22737461747573223a226f6b222c22726561736f
6e223a6e756c6c2c2276657273696f6e223a322c2268617368223a2232636165
6233616331363838383161613034373038363331623763633134323763343532
63316130333933643039363435316139656566363834316263373430222c2266
6f726d6174223a225247424138222c227769647468223a31362c226865696768
74223a31362c226d69706d617073223a66616c73652c227061796c6f61645f62
79746573223a313133352c2263616e766173223a6e756c6c7d2c7b226964223a
322c226f726967696e223a2263726561746564222c226b696e64223a22696d61
6765222c22737461747573223a226f6b222c22726561736f6e223a6e756c6c2c
2276657273696f6e223a312c2268617368223a22653635613063616631613436
3137356533396535303166333030303031366339623536393538363438666461
3134303837346639336339666362643033666139222c22666f726d6174223a22
5247424138222c227769647468223a31362c22686569676874223a31362c226d
69706d617073223a66616c73652c227061796c6f61645f6279746573223a3131
33352c2263616e766173223a6e756c6c7d2c7b226964223a332c226f72696769
6e223a2263726561746564222c226b696e64223a22696d616765222c22737461
747573223a22756e737570706f72746564222c22726561736f6e223a22756e73
7570706f727465642d666f726d6174222c2276657273696f6e223a312c226861
7368223a6e756c6c2c22666f726d6174223a225247424146222c227769647468
223a342c22686569676874223a342c226d69706d617073223a66616c73652c22
7061796c6f61645f6279746573223a302c2263616e766173223a6e756c6c7d2c
7b226964223a342c226f726967696e223a2263726561746564222c226b696e64
223a22696d616765222c22737461747573223a226f6b222c22726561736f6e22
3a6e756c6c2c2276657273696f6e223a322c2268617368223a22663636323763
3832306233653062636535383437316232343431363237343738373039636637
6436663438383637373664393166303163656432386434386633222c22666f72
6d6174223a225247424138222c227769647468223a382c22686569676874223a
382c226d69706d617073223a747275652c227061796c6f61645f627974657322
3a3434372c2263616e766173223a6e756c6c7d2c7b226964223a362c226f7269
67696e223a2263726561746564222c226b696e64223a22696d616765222c2273
7461747573223a226f6b222c22726561736f6e223a6e756c6c2c227665727369
6f6e223a312c2268617368223a22653635613063616631613436313735653339
6535303166333030303031366339623536393538363438666461313430383734
6639336339666362643033666139222c22666f726d6174223a22524742413822
2c227769647468223a31362c22686569676874223a31362c226d69706d617073
223a66616c73652c227061796c6f61645f6279746573223a313133352c226361
6e766173223a6e756c6c7d5d2c226d6573686573223a5b5d2c22626c6f636b73
223a5b7b226e616d65223a226974656d5f663332222c2274797065223a226633
32222c22636f756e74223a39307d2c7b226e616d65223a2263616e7661735f66
3332222c2274797065223a22663332222c22636f756e74223a367d2c7b226e61
6d65223a22636d645f663332222c2274797065223a22663332222c22636f756e
74223a33367d2c7b226e616d65223a22636d645f693332222c2274797065223a
22693332222c22636f756e74223a307d2c7b226e616d65223a226d6573685f66
3332222c2274797065223a22663332222c22636f756e74223a307d5d7d050000
00680100000000803f00000000000000000000803f0000004100000000000080
3f0000803f0000803f0000803f0000803f0000803f0000803f0000803f000000
000000000000000000000000000000803f00000000000000000000803f0000a0
41000000000000803f0000803f0000803f0000803f0000803f0000803f000080
3f0000803f000000000000000000000000000000000000803f00000000000000
000000803f00002042000000000000803f0000803f0000803f0000803f000080
3f0000803f0000803f0000803f00000000000000000000000000000000000080
3f00000000000000000000803f00007042000000000000803f0000803f000080
3f0000803f0000803f0000803f0000803f0000803f0000000000000000000000
00000000000000803f00000000000000000000803f0000a04200000000000080
3f0000803f0000803f0000803f0000803f0000803f0000803f0000803f000000
00000000000000000000000000180000000000803f0000000000000000000080
3f00000000000000009000000000000000000000000000804100008041000080
3f0000803f0000803f0000803f0000004200000000000080c100008041000080
4100000000000080c1000080410000803f0000803f0000803f0000803f000000
000000000000008040000080400000803f0000803f0000803f0000803f000000
000000000000008040000080400000803f0000803f0000803f0000803f000000
00000000003f110000130f00007b2274797065223a227472616e73616374696f
6e222c22736571223a362c226672616d65223a362c22656e636f64696e67223a
2266756c6c222c22626173655f736571223a6e756c6c2c22737461747573223a
226f6b222c226661696c75726573223a5b5d2c22756e737570706f7274656422
3a5b7b226f70223a2263616e7661735f6974656d5f6164645f74657874757265
5f72656374222c226974656d223a332c22726561736f6e223a22756e6b6e6f77
6e2d74657874757265227d2c7b226f70223a2263616e7661735f6974656d5f61
64645f746578747572655f72656374222c226974656d223a352c22726561736f
6e223a22756e737570706f727465642d74657874757265227d5d2c2264656661
756c745f746578747572655f66696c746572223a226c696e656172222c226465
6661756c745f746578747572655f726570656174223a2264697361626c656422
2c2272656d6f7665645f63616e7661736573223a5b5d2c2272656d6f7665645f
6974656d73223a5b5d2c2272656d6f7665645f7465787475726573223a5b5d2c
2272656d6f7665645f6d6573686573223a5b5d2c2263616e7661736573223a5b
7b226964223a312c226f726967696e223a22726f6f742d7175657279222c2272
6f6c65223a22726f6f74222c226174746163686564223a747275652c22697465
6d73223a5b312c322c332c342c355d7d5d2c226974656d73223a5b7b22696422
3a312c226f726967696e223a2263726561746564222c22706172656e74223a7b
226b696e64223a2263616e766173222c226964223a317d2c226368696c647265
6e223a5b5d2c2276697369626c65223a747275652c22647261775f696e646578
223a302c227a5f696e646578223a302c227a5f72656c6174697665223a747275
652c22626568696e64223a66616c73652c22636c6970223a66616c73652c2263
7573746f6d5f72656374223a66616c73652c227669736962696c6974795f6c61
796572223a343239343936373239352c22746578747572655f66696c74657222
3a226c696e656172222c22746578747572655f726570656174223a22656e6162
6c6564222c22636f6e74656e745f76657273696f6e223a312c22636f6d6d616e
6473223a5b7b226f70223a226164645f746578747572655f72656374222c2274
6578223a312c2274696c65223a747275652c227472616e73706f7365223a7472
75652c2266223a307d5d7d2c7b226964223a322c226f726967696e223a226372
6561746564222c22706172656e74223a7b226b696e64223a2263616e76617322
2c226964223a317d2c226368696c6472656e223a5b5d2c2276697369626c6522
3a747275652c22647261775f696e646578223a312c227a5f696e646578223a30
2c227a5f72656c6174697665223a747275652c22626568696e64223a66616c73
652c22636c6970223a66616c73652c22637573746f6d5f72656374223a66616c
73652c227669736962696c6974795f6c61796572223a34323934393637323935
2c22746578747572655f66696c746572223a2264656661756c74222c22746578
747572655f726570656174223a2264656661756c74222c22636f6e74656e745f
76657273696f6e223a312c22636f6d6d616e6473223a5b7b226f70223a226164
645f746578747572655f726563745f726567696f6e222c22746578223a312c22
7472616e73706f7365223a747275652c22636c69705f7576223a747275652c22
66223a387d5d7d2c7b226964223a332c226f726967696e223a22637265617465
64222c22706172656e74223a7b226b696e64223a2263616e766173222c226964
223a317d2c226368696c6472656e223a5b5d2c2276697369626c65223a747275
652c22647261775f696e646578223a322c227a5f696e646578223a302c227a5f
72656c6174697665223a747275652c22626568696e64223a66616c73652c2263
6c6970223a66616c73652c22637573746f6d5f72656374223a66616c73652c22
7669736962696c6974795f6c61796572223a343239343936373239352c227465
78747572655f66696c746572223a2264656661756c74222c2274657874757265
5f726570656174223a2264656661756c74222c22636f6e74656e745f76657273
696f6e223a312c22636f6d6d616e6473223a5b7b226f70223a22756e73757070
6f72746564222c226e616d65223a2263616e7661735f6974656d5f6164645f74
6578747572655f72656374222c22726561736f6e223a22756e6b6e6f776e2d74
657874757265227d5d7d2c7b226964223a342c226f726967696e223a22637265
61746564222c22706172656e74223a7b226b696e64223a2263616e766173222c
226964223a317d2c226368696c6472656e223a5b5d2c2276697369626c65223a
747275652c22647261775f696e646578223a332c227a5f696e646578223a302c
227a5f72656c6174697665223a747275652c22626568696e64223a66616c7365
2c22636c6970223a66616c73652c22637573746f6d5f72656374223a66616c73
652c227669736962696c6974795f6c61796572223a343239343936373239352c
22746578747572655f66696c746572223a2264656661756c74222c2274657874
7572655f726570656174223a2264656661756c74222c22636f6e74656e745f76
657273696f6e223a322c22636f6d6d616e6473223a5b7b226f70223a22616464
5f746578747572655f72656374222c22746578223a6e756c6c2c2274696c6522
3a66616c73652c227472616e73706f7365223a66616c73652c2266223a32307d
5d7d2c7b226964223a352c226f726967696e223a2263726561746564222c2270
6172656e74223a7b226b696e64223a2263616e766173222c226964223a317d2c
226368696c6472656e223a5b5d2c2276697369626c65223a747275652c226472
61775f696e646578223a342c227a5f696e646578223a302c227a5f72656c6174
697665223a747275652c22626568696e64223a66616c73652c22636c6970223a
66616c73652c22637573746f6d5f72656374223a66616c73652c227669736962
696c6974795f6c61796572223a343239343936373239352c2274657874757265
5f66696c746572223a2264656661756c74222c22746578747572655f72657065
6174223a2264656661756c74222c22636f6e74656e745f76657273696f6e223a
312c22636f6d6d616e6473223a5b7b226f70223a226164645f74657874757265
5f72656374222c22746578223a332c2274696c65223a66616c73652c22747261
6e73706f7365223a66616c73652c2266223a32387d5d7d5d2c22746578747572
6573223a5b7b226964223a312c226f726967696e223a2263726561746564222c
226b696e64223a22696d616765222c22737461747573223a226f6b222c227265
61736f6e223a6e756c6c2c2276657273696f6e223a322c2268617368223a2232
6361656233616331363838383161613034373038363331623763633134323763
3435326331613033393364303936343531613965656636383431626337343022
2c22666f726d6174223a225247424138222c227769647468223a31362c226865
69676874223a31362c226d69706d617073223a66616c73652c227061796c6f61
645f6279746573223a313133352c2263616e766173223a6e756c6c7d2c7b2269
64223a322c226f726967696e223a2263726561746564222c226b696e64223a22
696d616765222c22737461747573223a226f6b222c22726561736f6e223a6e75
6c6c2c2276657273696f6e223a312c2268617368223a22653635613063616631
6134363137356533396535303166333030303031366339623536393538363438
6664613134303837346639336339666362643033666139222c22666f726d6174
223a225247424138222c227769647468223a31362c22686569676874223a3136
2c226d69706d617073223a66616c73652c227061796c6f61645f627974657322
3a313133352c2263616e766173223a6e756c6c7d2c7b226964223a332c226f72
6967696e223a2263726561746564222c226b696e64223a22696d616765222c22
737461747573223a22756e737570706f72746564222c22726561736f6e223a22
756e737570706f727465642d666f726d6174222c2276657273696f6e223a312c
2268617368223a6e756c6c2c22666f726d6174223a225247424146222c227769
647468223a342c22686569676874223a342c226d69706d617073223a66616c73
652c227061796c6f61645f6279746573223a302c2263616e766173223a6e756c
6c7d2c7b226964223a342c226f726967696e223a2263726561746564222c226b
696e64223a22696d616765222c22737461747573223a226f6b222c2272656173
6f6e223a6e756c6c2c2276657273696f6e223a322c2268617368223a22663636
3237633832306233653062636535383437316232343431363237343738373039
6366376436663438383637373664393166303163656432386434386633222c22
666f726d6174223a225247424138222c227769647468223a382c226865696768
74223a382c226d69706d617073223a747275652c227061796c6f61645f627974
6573223a3434372c2263616e766173223a6e756c6c7d2c7b226964223a362c22
6f726967696e223a2263726561746564222c226b696e64223a22696d61676522
2c22737461747573223a226f6b222c22726561736f6e223a6e756c6c2c227665
7273696f6e223a312c2268617368223a22653635613063616631613436313735
6533396535303166333030303031366339623536393538363438666461313430
3837346639336339666362643033666139222c22666f726d6174223a22524742
4138222c227769647468223a31362c22686569676874223a31362c226d69706d
617073223a66616c73652c227061796c6f61645f6279746573223a313133352c
2263616e766173223a6e756c6c7d5d2c226d6573686573223a5b5d2c22626c6f
636b73223a5b7b226e616d65223a226974656d5f663332222c2274797065223a
22663332222c22636f756e74223a39307d2c7b226e616d65223a2263616e7661
735f663332222c2274797065223a22663332222c22636f756e74223a367d2c7b
226e616d65223a22636d645f663332222c2274797065223a22663332222c2263
6f756e74223a33367d2c7b226e616d65223a22636d645f693332222c22747970
65223a22693332222c22636f756e74223a307d2c7b226e616d65223a226d6573
685f663332222c2274797065223a22663332222c22636f756e74223a307d5d7d
05000000680100000000803f00000000000000000000803f0000004100000000
0000803f0000803f0000803f0000803f0000803f0000803f0000803f0000803f
000000000000000000000000000000000000803f00000000000000000000803f
0000a041000000000000803f0000803f0000803f0000803f0000803f0000803f
0000803f0000803f000000000000000000000000000000000000803f00000000
000000000000803f00002042000000000000803f0000803f0000803f0000803f
0000803f0000803f0000803f0000803f00000000000000000000000000000000
0000803f00000000000000000000803f00007042000000000000803f0000803f
0000803f0000803f0000803f0000803f0000803f0000803f0000000000000000
00000000000000000000803f00000000000000000000803f0000a04200000000
0000803f0000803f0000803f0000803f0000803f0000803f0000803f0000803f
00000000000000000000000000000000180000000000803f0000000000000000
0000803f00000000000000009000000000000000000000000000804100008041
0000803f0000803f0000803f0000803f0000004200000000000080c100008041
0000804100000000000080c1000080410000803f0000803f0000803f0000803f
000000000000000000008040000080400000803f0000803f0000803f0000803f
000000000000000000008040000080400000803f0000803f0000803f0000803f
000000000000000059150000751200007b2274797065223a227472616e736163
74696f6e222c22736571223a372c226672616d65223a372c22656e636f64696e
67223a2266756c6c222c22626173655f736571223a6e756c6c2c227374617475
73223a226f6b222c226661696c75726573223a5b5d2c22756e737570706f7274
6564223a5b7b226f70223a2263616e7661735f6974656d5f6164645f74657874
7572655f72656374222c226974656d223a332c22726561736f6e223a22756e6b
6e6f776e2d74657874757265227d2c7b226f70223a2263616e7661735f697465
6d5f6164645f746578747572655f72656374222c226974656d223a352c227265
61736f6e223a22756e737570706f727465642d74657874757265227d2c7b226f
70223a2263616e7661735f6974656d5f6164645f6d7364665f74657874757265
5f726563745f726567696f6e222c226974656d223a362c22726561736f6e223a
22756e6b6e6f776e2d74657874757265227d5d2c2264656661756c745f746578
747572655f66696c746572223a226c696e656172222c2264656661756c745f74
6578747572655f726570656174223a2264697361626c6564222c2272656d6f76
65645f63616e7661736573223a5b5d2c2272656d6f7665645f6974656d73223a
5b5d2c2272656d6f7665645f7465787475726573223a5b5d2c2272656d6f7665
645f6d6573686573223a5b5d2c2263616e7661736573223a5b7b226964223a31
2c226f726967696e223a22726f6f742d7175657279222c22726f6c65223a2272
6f6f74222c226174746163686564223a747275652c226974656d73223a5b312c
322c332c342c352c365d7d5d2c226974656d73223a5b7b226964223a312c226f
726967696e223a2263726561746564222c22706172656e74223a7b226b696e64
223a2263616e766173222c226964223a317d2c226368696c6472656e223a5b5d
2c2276697369626c65223a747275652c22647261775f696e646578223a302c22
7a5f696e646578223a302c227a5f72656c6174697665223a747275652c226265
68696e64223a66616c73652c22636c6970223a66616c73652c22637573746f6d
5f72656374223a66616c73652c227669736962696c6974795f6c61796572223a
343239343936373239352c22746578747572655f66696c746572223a226c696e
656172222c22746578747572655f726570656174223a22656e61626c6564222c
22636f6e74656e745f76657273696f6e223a312c22636f6d6d616e6473223a5b
7b226f70223a226164645f746578747572655f72656374222c22746578223a31
2c2274696c65223a747275652c227472616e73706f7365223a747275652c2266
223a307d5d7d2c7b226964223a322c226f726967696e223a2263726561746564
222c22706172656e74223a7b226b696e64223a2263616e766173222c22696422
3a317d2c226368696c6472656e223a5b5d2c2276697369626c65223a74727565
2c22647261775f696e646578223a312c227a5f696e646578223a302c227a5f72
656c6174697665223a747275652c22626568696e64223a66616c73652c22636c
6970223a66616c73652c22637573746f6d5f72656374223a66616c73652c2276
69736962696c6974795f6c61796572223a343239343936373239352c22746578
747572655f66696c746572223a2264656661756c74222c22746578747572655f
726570656174223a2264656661756c74222c22636f6e74656e745f7665727369
6f6e223a312c22636f6d6d616e6473223a5b7b226f70223a226164645f746578
747572655f726563745f726567696f6e222c22746578223a312c227472616e73
706f7365223a747275652c22636c69705f7576223a747275652c2266223a387d
5d7d2c7b226964223a332c226f726967696e223a2263726561746564222c2270
6172656e74223a7b226b696e64223a2263616e766173222c226964223a317d2c
226368696c6472656e223a5b5d2c2276697369626c65223a747275652c226472
61775f696e646578223a322c227a5f696e646578223a302c227a5f72656c6174
697665223a747275652c22626568696e64223a66616c73652c22636c6970223a
66616c73652c22637573746f6d5f72656374223a66616c73652c227669736962
696c6974795f6c61796572223a343239343936373239352c2274657874757265
5f66696c746572223a2264656661756c74222c22746578747572655f72657065
6174223a2264656661756c74222c22636f6e74656e745f76657273696f6e223a
312c22636f6d6d616e6473223a5b7b226f70223a22756e737570706f72746564
222c226e616d65223a2263616e7661735f6974656d5f6164645f746578747572
655f72656374222c22726561736f6e223a22756e6b6e6f776e2d746578747572
65227d5d7d2c7b226964223a342c226f726967696e223a226372656174656422
2c22706172656e74223a7b226b696e64223a2263616e766173222c226964223a
317d2c226368696c6472656e223a5b5d2c2276697369626c65223a747275652c
22647261775f696e646578223a332c227a5f696e646578223a302c227a5f7265
6c6174697665223a747275652c22626568696e64223a66616c73652c22636c69
70223a66616c73652c22637573746f6d5f72656374223a66616c73652c227669
736962696c6974795f6c61796572223a343239343936373239352c2274657874
7572655f66696c746572223a2264656661756c74222c22746578747572655f72
6570656174223a2264656661756c74222c22636f6e74656e745f76657273696f
6e223a322c22636f6d6d616e6473223a5b7b226f70223a226164645f74657874
7572655f72656374222c22746578223a6e756c6c2c2274696c65223a66616c73
652c227472616e73706f7365223a66616c73652c2266223a32307d5d7d2c7b22
6964223a352c226f726967696e223a2263726561746564222c22706172656e74
223a7b226b696e64223a2263616e766173222c226964223a317d2c226368696c
6472656e223a5b5d2c2276697369626c65223a747275652c22647261775f696e
646578223a342c227a5f696e646578223a302c227a5f72656c6174697665223a
747275652c22626568696e64223a66616c73652c22636c6970223a66616c7365
2c22637573746f6d5f72656374223a66616c73652c227669736962696c697479
5f6c61796572223a343239343936373239352c22746578747572655f66696c74
6572223a2264656661756c74222c22746578747572655f726570656174223a22
64656661756c74222c22636f6e74656e745f76657273696f6e223a312c22636f
6d6d616e6473223a5b7b226f70223a226164645f746578747572655f72656374
222c22746578223a332c2274696c65223a66616c73652c227472616e73706f73
65223a66616c73652c2266223a32387d5d7d2c7b226964223a362c226f726967
696e223a2263726561746564222c22706172656e74223a7b226b696e64223a22
63616e766173222c226964223a317d2c226368696c6472656e223a5b5d2c2276
697369626c65223a747275652c22647261775f696e646578223a352c227a5f69
6e646578223a302c227a5f72656c6174697665223a747275652c22626568696e
64223a66616c73652c22636c6970223a66616c73652c22637573746f6d5f7265
6374223a66616c73652c227669736962696c6974795f6c61796572223a343239
343936373239352c22746578747572655f66696c746572223a2264656661756c
74222c22746578747572655f726570656174223a2264656661756c74222c2263
6f6e74656e745f76657273696f6e223a312c22636f6d6d616e6473223a5b7b22
6f70223a226164645f6d7364665f746578747572655f726563745f726567696f
6e222c22746578223a372c226f75746c696e65223a302c2266223a33367d2c7b
226f70223a226164645f6d7364665f746578747572655f726563745f72656769
6f6e222c22746578223a372c226f75746c696e65223a342c2266223a35307d2c
7b226f70223a22756e737570706f72746564222c226e616d65223a2263616e76
61735f6974656d5f6164645f6d7364665f746578747572655f726563745f7265
67696f6e222c22726561736f6e223a22756e6b6e6f776e2d7465787475726522
7d5d7d5d2c227465787475726573223a5b7b226964223a312c226f726967696e
223a2263726561746564222c226b696e64223a22696d616765222c2273746174
7573223a226f6b222c22726561736f6e223a6e756c6c2c2276657273696f6e22
3a322c2268617368223a22326361656233616331363838383161613034373038
3633316237636331343237633435326331613033393364303936343531613965
6566363834316263373430222c22666f726d6174223a225247424138222c2277
69647468223a31362c22686569676874223a31362c226d69706d617073223a66
616c73652c227061796c6f61645f6279746573223a313133352c2263616e7661
73223a6e756c6c7d2c7b226964223a322c226f726967696e223a226372656174
6564222c226b696e64223a22696d616765222c22737461747573223a226f6b22
2c22726561736f6e223a6e756c6c2c2276657273696f6e223a312c2268617368
223a226536356130636166316134363137356533396535303166333030303031
3663396235363935383634386664613134303837346639336339666362643033
666139222c22666f726d6174223a225247424138222c227769647468223a3136
2c22686569676874223a31362c226d69706d617073223a66616c73652c227061
796c6f61645f6279746573223a313133352c2263616e766173223a6e756c6c7d
2c7b226964223a332c226f726967696e223a2263726561746564222c226b696e
64223a22696d616765222c22737461747573223a22756e737570706f72746564
222c22726561736f6e223a22756e737570706f727465642d666f726d6174222c
2276657273696f6e223a312c2268617368223a6e756c6c2c22666f726d617422
3a225247424146222c227769647468223a342c22686569676874223a342c226d
69706d617073223a66616c73652c227061796c6f61645f6279746573223a302c
2263616e766173223a6e756c6c7d2c7b226964223a342c226f726967696e223a
2263726561746564222c226b696e64223a22696d616765222c22737461747573
223a226f6b222c22726561736f6e223a6e756c6c2c2276657273696f6e223a32
2c2268617368223a226636363237633832306233653062636535383437316232
3434313632373437383730396366376436663438383637373664393166303163
656432386434386633222c22666f726d6174223a225247424138222c22776964
7468223a382c22686569676874223a382c226d69706d617073223a747275652c
227061796c6f61645f6279746573223a3434372c2263616e766173223a6e756c
6c7d2c7b226964223a362c226f726967696e223a2263726561746564222c226b
696e64223a22696d616765222c22737461747573223a226f6b222c2272656173
6f6e223a6e756c6c2c2276657273696f6e223a312c2268617368223a22653635
6130636166316134363137356533396535303166333030303031366339623536
3935383634386664613134303837346639336339666362643033666139222c22
666f726d6174223a225247424138222c227769647468223a31362c2268656967
6874223a31362c226d69706d617073223a66616c73652c227061796c6f61645f
6279746573223a313133352c2263616e766173223a6e756c6c7d2c7b22696422
3a372c226f726967696e223a2263726561746564222c226b696e64223a22696d
616765222c22737461747573223a226f6b222c22726561736f6e223a6e756c6c
2c2276657273696f6e223a312c2268617368223a223664356637663036356365
3133333334386663316562626439346666346162326464353164643336666335
613262383230396130373331323664636332343337222c22666f726d6174223a
225247424138222c227769647468223a31362c22686569676874223a31362c22
6d69706d617073223a66616c73652c227061796c6f61645f6279746573223a31
3133352c2263616e766173223a6e756c6c7d5d2c226d6573686573223a5b5d2c
22626c6f636b73223a5b7b226e616d65223a226974656d5f663332222c227479
7065223a22663332222c22636f756e74223a3130387d2c7b226e616d65223a22
63616e7661735f663332222c2274797065223a22663332222c22636f756e7422
3a367d2c7b226e616d65223a22636d645f663332222c2274797065223a226633
32222c22636f756e74223a36347d2c7b226e616d65223a22636d645f69333222
2c2274797065223a22693332222c22636f756e74223a307d2c7b226e616d6522
3a226d6573685f663332222c2274797065223a22663332222c22636f756e7422
3a307d5d7d05000000b00100000000803f00000000000000000000803f000000
41000000000000803f0000803f0000803f0000803f0000803f0000803f000080
3f0000803f000000000000000000000000000000000000803f00000000000000
000000803f0000a041000000000000803f0000803f0000803f0000803f000080
3f0000803f0000803f0000803f00000000000000000000000000000000000080
3f00000000000000000000803f00002042000000000000803f0000803f000080
3f0000803f0000803f0000803f0000803f0000803f0000000000000000000000
00000000000000803f00000000000000000000803f0000704200000000000080
3f0000803f0000803f0000803f0000803f0000803f0000803f0000803f000000
000000000000000000000000000000803f00000000000000000000803f0000a0
42000000000000803f0000803f0000803f0000803f0000803f0000803f000080
3f0000803f000000000000000000000000000000000000803f00000000000000
000000803f0000c842000000000000803f0000803f0000803f0000803f000080
3f0000803f0000803f0000803f00000000000000000000000000000000180000
000000803f00000000000000000000803f000000000000000000010000000000
000000000000008041000080410000803f0000803f0000803f0000803f000000
4200000000000080c1000080410000804100000000000080c100008041000080
3f0000803f0000803f0000803f00000000000000000000804000008040000080
3f0000803f0000803f0000803f00000000000000000000804000008040000080
3f0000803f0000803f0000803f0000c842000000000000c0410000c041000000
000000000000004042000040420000803f0000803f0000803f0000803f0000c0
410000003f00000c43000000000000c0c10000c0410000404200000000000040
42000040420000803f0000803f0000803f0000803f0000c0410000003f000000
0000000000181b00001c1600007b2274797065223a227472616e73616374696f
6e222c22736571223a382c226672616d65223a382c22656e636f64696e67223a
2266756c6c222c22626173655f736571223a6e756c6c2c22737461747573223a
226f6b222c226661696c75726573223a5b5d2c22756e737570706f7274656422
3a5b7b226f70223a2263616e7661735f6974656d5f6164645f74657874757265
5f72656374222c226974656d223a332c22726561736f6e223a22756e6b6e6f77
6e2d74657874757265227d2c7b226f70223a2263616e7661735f6974656d5f61
64645f746578747572655f72656374222c226974656d223a352c22726561736f
6e223a22756e737570706f727465642d74657874757265227d2c7b226f70223a
2263616e7661735f6974656d5f6164645f6d7364665f746578747572655f7265
63745f726567696f6e222c226974656d223a362c22726561736f6e223a22756e
6b6e6f776e2d74657874757265227d5d2c2264656661756c745f746578747572
655f66696c746572223a226c696e656172222c2264656661756c745f74657874
7572655f726570656174223a2264697361626c6564222c2272656d6f7665645f
63616e7661736573223a5b5d2c2272656d6f7665645f6974656d73223a5b5d2c
2272656d6f7665645f7465787475726573223a5b5d2c2272656d6f7665645f6d
6573686573223a5b5d2c2263616e7661736573223a5b7b226964223a312c226f
726967696e223a22726f6f742d7175657279222c22726f6c65223a22726f6f74
222c226174746163686564223a747275652c226974656d73223a5b312c322c33
2c342c352c362c375d7d5d2c226974656d73223a5b7b226964223a312c226f72
6967696e223a2263726561746564222c22706172656e74223a7b226b696e6422
3a2263616e766173222c226964223a317d2c226368696c6472656e223a5b5d2c
2276697369626c65223a747275652c22647261775f696e646578223a302c227a
5f696e646578223a302c227a5f72656c6174697665223a747275652c22626568
696e64223a66616c73652c22636c6970223a66616c73652c22637573746f6d5f
72656374223a66616c73652c227669736962696c6974795f6c61796572223a34
3239343936373239352c22746578747572655f66696c746572223a226c696e65
6172222c22746578747572655f726570656174223a22656e61626c6564222c22
636f6e74656e745f76657273696f6e223a312c22636f6d6d616e6473223a5b7b
226f70223a226164645f746578747572655f72656374222c22746578223a312c
2274696c65223a747275652c227472616e73706f7365223a747275652c226622
3a307d5d7d2c7b226964223a322c226f726967696e223a226372656174656422
2c22706172656e74223a7b226b696e64223a2263616e766173222c226964223a
317d2c226368696c6472656e223a5b5d2c2276697369626c65223a747275652c
22647261775f696e646578223a312c227a5f696e646578223a302c227a5f7265
6c6174697665223a747275652c22626568696e64223a66616c73652c22636c69
70223a66616c73652c22637573746f6d5f72656374223a66616c73652c227669
736962696c6974795f6c61796572223a343239343936373239352c2274657874
7572655f66696c746572223a2264656661756c74222c22746578747572655f72
6570656174223a2264656661756c74222c22636f6e74656e745f76657273696f
6e223a312c22636f6d6d616e6473223a5b7b226f70223a226164645f74657874
7572655f726563745f726567696f6e222c22746578223a312c227472616e7370
6f7365223a747275652c22636c69705f7576223a747275652c2266223a387d5d
7d2c7b226964223a332c226f726967696e223a2263726561746564222c227061
72656e74223a7b226b696e64223a2263616e766173222c226964223a317d2c22
6368696c6472656e223a5b5d2c2276697369626c65223a747275652c22647261
775f696e646578223a322c227a5f696e646578223a302c227a5f72656c617469
7665223a747275652c22626568696e64223a66616c73652c22636c6970223a66
616c73652c22637573746f6d5f72656374223a66616c73652c22766973696269
6c6974795f6c61796572223a343239343936373239352c22746578747572655f
66696c746572223a2264656661756c74222c22746578747572655f7265706561
74223a2264656661756c74222c22636f6e74656e745f76657273696f6e223a31
2c22636f6d6d616e6473223a5b7b226f70223a22756e737570706f7274656422
2c226e616d65223a2263616e7661735f6974656d5f6164645f74657874757265
5f72656374222c22726561736f6e223a22756e6b6e6f776e2d74657874757265
227d5d7d2c7b226964223a342c226f726967696e223a2263726561746564222c
22706172656e74223a7b226b696e64223a2263616e766173222c226964223a31
7d2c226368696c6472656e223a5b5d2c2276697369626c65223a747275652c22
647261775f696e646578223a332c227a5f696e646578223a302c227a5f72656c
6174697665223a747275652c22626568696e64223a66616c73652c22636c6970
223a66616c73652c22637573746f6d5f72656374223a66616c73652c22766973
6962696c6974795f6c61796572223a343239343936373239352c227465787475
72655f66696c746572223a2264656661756c74222c22746578747572655f7265
70656174223a2264656661756c74222c22636f6e74656e745f76657273696f6e
223a322c22636f6d6d616e6473223a5b7b226f70223a226164645f7465787475
72655f72656374222c22746578223a6e756c6c2c2274696c65223a66616c7365
2c227472616e73706f7365223a66616c73652c2266223a32307d5d7d2c7b2269
64223a352c226f726967696e223a2263726561746564222c22706172656e7422
3a7b226b696e64223a2263616e766173222c226964223a317d2c226368696c64
72656e223a5b5d2c2276697369626c65223a747275652c22647261775f696e64
6578223a342c227a5f696e646578223a302c227a5f72656c6174697665223a74
7275652c22626568696e64223a66616c73652c22636c6970223a66616c73652c
22637573746f6d5f72656374223a66616c73652c227669736962696c6974795f
6c61796572223a343239343936373239352c22746578747572655f66696c7465
72223a2264656661756c74222c22746578747572655f726570656174223a2264
656661756c74222c22636f6e74656e745f76657273696f6e223a312c22636f6d
6d616e6473223a5b7b226f70223a226164645f746578747572655f7265637422
2c22746578223a332c2274696c65223a66616c73652c227472616e73706f7365
223a66616c73652c2266223a32387d5d7d2c7b226964223a362c226f72696769
6e223a2263726561746564222c22706172656e74223a7b226b696e64223a2263
616e766173222c226964223a317d2c226368696c6472656e223a5b5d2c227669
7369626c65223a747275652c22647261775f696e646578223a352c227a5f696e
646578223a302c227a5f72656c6174697665223a747275652c22626568696e64
223a66616c73652c22636c6970223a66616c73652c22637573746f6d5f726563
74223a66616c73652c227669736962696c6974795f6c61796572223a34323934
3936373239352c22746578747572655f66696c746572223a2264656661756c74
222c22746578747572655f726570656174223a2264656661756c74222c22636f
6e74656e745f76657273696f6e223a312c22636f6d6d616e6473223a5b7b226f
70223a226164645f6d7364665f746578747572655f726563745f726567696f6e
222c22746578223a372c226f75746c696e65223a302c2266223a33367d2c7b22
6f70223a226164645f6d7364665f746578747572655f726563745f726567696f
6e222c22746578223a372c226f75746c696e65223a342c2266223a35307d2c7b
226f70223a22756e737570706f72746564222c226e616d65223a2263616e7661
735f6974656d5f6164645f6d7364665f746578747572655f726563745f726567
696f6e222c22726561736f6e223a22756e6b6e6f776e2d74657874757265227d
5d7d2c7b226964223a372c226f726967696e223a2263726561746564222c2270
6172656e74223a7b226b696e64223a2263616e766173222c226964223a317d2c
226368696c6472656e223a5b5d2c2276697369626c65223a747275652c226472
61775f696e646578223a362c227a5f696e646578223a302c227a5f72656c6174
697665223a747275652c22626568696e64223a66616c73652c22636c6970223a
66616c73652c22637573746f6d5f72656374223a66616c73652c227669736962
696c6974795f6c61796572223a343239343936373239352c2274657874757265
5f66696c746572223a2264656661756c74222c22746578747572655f72657065
6174223a2264656661756c74222c22636f6e74656e745f76657273696f6e223a
312c22636f6d6d616e6473223a5b7b226f70223a226164645f6c696e65222c22
6161223a66616c73652c2266223a36347d2c7b226f70223a226164645f706f6c
796c696e65222c226161223a66616c73652c226e223a342c22636f6c6f727322
3a322c2266223a37337d2c7b226f70223a226164645f6d756c74696c696e6522
2c226161223a66616c73652c226e223a342c22636f6c6f7273223a312c226622
3a39307d2c7b226f70223a226164645f636972636c65222c226161223a747275
652c2266223a3130337d2c7b226f70223a226164645f7072696d697469766522
2c22746578223a6e756c6c2c226e223a332c22636f6c6f7273223a312c227576
73223a302c2266223a3131307d2c7b226f70223a226164645f706f6c79676f6e
222c22746578223a372c226e223a342c22636f6c6f7273223a312c2275767322
3a342c2266223a3132307d2c7b226f70223a226164645f747269616e676c655f
6172726179222c22746578223a6e756c6c2c226e223a342c22636f6c6f727322
3a312c22757673223a302c22696e6469636573223a362c22636f756e74223a33
2c2269223a302c2266223a3134307d2c7b226f70223a226164645f7365745f74
72616e73666f726d222c2266223a3135327d2c7b226f70223a226164645f6e69
6e655f7061746368222c22746578223a372c22785f61786973223a2274696c65
5f666974222c22795f61786973223a2274696c655f666974222c22647261775f
63656e746572223a747275652c2266223a3135387d2c7b226f70223a22616464
5f636c69705f69676e6f7265222c2269676e6f7265223a747275657d2c7b226f
70223a226164645f636c69705f69676e6f7265222c2269676e6f7265223a6661
6c73657d5d7d5d2c227465787475726573223a5b7b226964223a312c226f7269
67696e223a2263726561746564222c226b696e64223a22696d616765222c2273
7461747573223a226f6b222c22726561736f6e223a6e756c6c2c227665727369
6f6e223a322c2268617368223a22326361656233616331363838383161613034
3730383633316237636331343237633435326331613033393364303936343531
6139656566363834316263373430222c22666f726d6174223a22524742413822
2c227769647468223a31362c22686569676874223a31362c226d69706d617073
223a66616c73652c227061796c6f61645f6279746573223a313133352c226361
6e766173223a6e756c6c7d2c7b226964223a322c226f726967696e223a226372
6561746564222c226b696e64223a22696d616765222c22737461747573223a22
6f6b222c22726561736f6e223a6e756c6c2c2276657273696f6e223a312c2268
617368223a226536356130636166316134363137356533396535303166333030
3030313663396235363935383634386664613134303837346639336339666362
643033666139222c22666f726d6174223a225247424138222c22776964746822
3a31362c22686569676874223a31362c226d69706d617073223a66616c73652c
227061796c6f61645f6279746573223a313133352c2263616e766173223a6e75
6c6c7d2c7b226964223a332c226f726967696e223a2263726561746564222c22
6b696e64223a22696d616765222c22737461747573223a22756e737570706f72
746564222c22726561736f6e223a22756e737570706f727465642d666f726d61
74222c2276657273696f6e223a312c2268617368223a6e756c6c2c22666f726d
6174223a225247424146222c227769647468223a342c22686569676874223a34
2c226d69706d617073223a66616c73652c227061796c6f61645f627974657322
3a302c2263616e766173223a6e756c6c7d2c7b226964223a342c226f72696769
6e223a2263726561746564222c226b696e64223a22696d616765222c22737461
747573223a226f6b222c22726561736f6e223a6e756c6c2c2276657273696f6e
223a322c2268617368223a226636363237633832306233653062636535383437
3162323434313632373437383730396366376436663438383637373664393166
303163656432386434386633222c22666f726d6174223a225247424138222c22
7769647468223a382c22686569676874223a382c226d69706d617073223a7472
75652c227061796c6f61645f6279746573223a3434372c2263616e766173223a
6e756c6c7d2c7b226964223a362c226f726967696e223a226372656174656422
2c226b696e64223a22696d616765222c22737461747573223a226f6b222c2272
6561736f6e223a6e756c6c2c2276657273696f6e223a312c2268617368223a22
6536356130636166316134363137356533396535303166333030303031366339
6235363935383634386664613134303837346639336339666362643033666139
222c22666f726d6174223a225247424138222c227769647468223a31362c2268
6569676874223a31362c226d69706d617073223a66616c73652c227061796c6f
61645f6279746573223a313133352c2263616e766173223a6e756c6c7d2c7b22
6964223a372c226f726967696e223a2263726561746564222c226b696e64223a
22696d616765222c22737461747573223a226f6b222c22726561736f6e223a6e
756c6c2c2276657273696f6e223a312c2268617368223a223664356637663036
3563653133333334386663316562626439346666346162326464353164643336
666335613262383230396130373331323664636332343337222c22666f726d61
74223a225247424138222c227769647468223a31362c22686569676874223a31
362c226d69706d617073223a66616c73652c227061796c6f61645f6279746573
223a313133352c2263616e766173223a6e756c6c7d5d2c226d6573686573223a
5b5d2c22626c6f636b73223a5b7b226e616d65223a226974656d5f663332222c
2274797065223a22663332222c22636f756e74223a3132367d2c7b226e616d65
223a2263616e7661735f663332222c2274797065223a22663332222c22636f75
6e74223a367d2c7b226e616d65223a22636d645f663332222c2274797065223a
22663332222c22636f756e74223a3137347d2c7b226e616d65223a22636d645f
693332222c2274797065223a22693332222c22636f756e74223a367d2c7b226e
616d65223a226d6573685f663332222c2274797065223a22663332222c22636f
756e74223a307d5d7d05000000f80100000000803f0000000000000000000080
3f00000041000000000000803f0000803f0000803f0000803f0000803f000080
3f0000803f0000803f000000000000000000000000000000000000803f000000
00000000000000803f0000a041000000000000803f0000803f0000803f000080
3f0000803f0000803f0000803f0000803f000000000000000000000000000000
000000803f00000000000000000000803f00002042000000000000803f000080
3f0000803f0000803f0000803f0000803f0000803f0000803f00000000000000
0000000000000000000000803f00000000000000000000803f00007042000000
000000803f0000803f0000803f0000803f0000803f0000803f0000803f000080
3f000000000000000000000000000000000000803f0000000000000000000080
3f0000a042000000000000803f0000803f0000803f0000803f0000803f000080
3f0000803f0000803f000000000000000000000000000000000000803f000000
00000000000000803f0000c842000000000000803f0000803f0000803f000080
3f0000803f0000803f0000803f0000803f000000000000000000000000000000
000000803f00000000000000000000803f0000f042000000000000803f000080
3f0000803f0000803f0000803f0000803f0000803f0000803f00000000000000
000000000000000000180000000000803f00000000000000000000803f000000
0000000000b8020000000000000000000000008041000080410000803f000080
3f0000803f0000803f0000004200000000000080c10000804100008041000000
00000080c1000080410000803f0000803f0000803f0000803f00000000000000
0000008040000080400000803f0000803f0000803f0000803f00000000000000
0000008040000080400000803f0000803f0000803f0000803f0000c842000000
000000c0410000c041000000000000000000004042000040420000803f000080
3f0000803f0000803f0000c0410000003f00000c43000000000000c0c10000c0
41000040420000000000004042000040420000803f0000803f0000803f000080
3f0000c0410000003f000000000000000000002041000000000000803f000080
3f0000803f0000803f0000803f00000040000000000000204100002041000020
41000020410000a041000000000000a0410000803f0000000000000000000080
3f000000000000803f000000000000803f0000803f000000000000f041000020
410000f041000000000000204200002041000020420000803e0000803e000080
3f0000803f0000a04000004842000080400000803e0000403f0000803f000080
3f000000000000704200002041000070420000000000008c420000803f000080
3f0000803e0000803f000000000000a042000020410000a042000020410000b4
42000000000000b4420000803f0000803f0000803f0000803f00000000000000
000000803f000000000000803f0000803f000000000000803f000000000000c8
42000020410000c842000020410000dc42000000000000dc420000403f000080
3f0000403f0000803f0000803f00000000000000000000803f00000040000000
40000000000000f0420000804100008041000000000000000000008041000080
41000080400000804000008040000080400000803f0000803f0000803f000080
3f18000000000000000100000002000000000000000200000003000000000000
00c11f0000251a00007b2274797065223a227472616e73616374696f6e222c22
736571223a392c226672616d65223a392c22656e636f64696e67223a2266756c
6c222c22626173655f736571223a6e756c6c2c22737461747573223a226f6b22
2c226661696c75726573223a5b5d2c22756e737570706f72746564223a5b7b22
6f70223a2263616e7661735f6974656d5f6164645f746578747572655f726563
74222c226974656d223a332c22726561736f6e223a22756e6b6e6f776e2d7465
7874757265227d2c7b226f70223a2263616e7661735f6974656d5f6164645f74
6578747572655f72656374222c226974656d223a352c22726561736f6e223a22
756e737570706f727465642d74657874757265227d2c7b226f70223a2263616e
7661735f6974656d5f6164645f6d7364665f746578747572655f726563745f72
6567696f6e222c226974656d223a362c22726561736f6e223a22756e6b6e6f77
6e2d74657874757265227d5d2c2264656661756c745f746578747572655f6669
6c746572223a226c696e656172222c2264656661756c745f746578747572655f
726570656174223a2264697361626c6564222c2272656d6f7665645f63616e76
61736573223a5b5d2c2272656d6f7665645f6974656d73223a5b5d2c2272656d
6f7665645f7465787475726573223a5b5d2c2272656d6f7665645f6d65736865
73223a5b5d2c2263616e7661736573223a5b7b226964223a312c226f72696769
6e223a22726f6f742d7175657279222c22726f6c65223a22726f6f74222c2261
74746163686564223a747275652c226974656d73223a5b312c322c332c342c35
2c362c372c385d7d5d2c226974656d73223a5b7b226964223a312c226f726967
696e223a2263726561746564222c22706172656e74223a7b226b696e64223a22
63616e766173222c226964223a317d2c226368696c6472656e223a5b5d2c2276
697369626c65223a747275652c22647261775f696e646578223a302c227a5f69
6e646578223a302c227a5f72656c6174697665223a747275652c22626568696e
64223a66616c73652c22636c6970223a66616c73652c22637573746f6d5f7265
6374223a66616c73652c227669736962696c6974795f6c61796572223a343239
343936373239352c22746578747572655f66696c746572223a226c696e656172
222c22746578747572655f726570656174223a22656e61626c6564222c22636f
6e74656e745f76657273696f6e223a312c22636f6d6d616e6473223a5b7b226f
70223a226164645f746578747572655f72656374222c22746578223a312c2274
696c65223a747275652c227472616e73706f7365223a747275652c2266223a30
7d5d7d2c7b226964223a322c226f726967696e223a2263726561746564222c22
706172656e74223a7b226b696e64223a2263616e766173222c226964223a317d
2c226368696c6472656e223a5b5d2c2276697369626c65223a747275652c2264
7261775f696e646578223a312c227a5f696e646578223a302c227a5f72656c61
74697665223a747275652c22626568696e64223a66616c73652c22636c697022
3a66616c73652c22637573746f6d5f72656374223a66616c73652c2276697369
62696c6974795f6c61796572223a343239343936373239352c22746578747572
655f66696c746572223a2264656661756c74222c22746578747572655f726570
656174223a2264656661756c74222c22636f6e74656e745f76657273696f6e22
3a312c22636f6d6d616e6473223a5b7b226f70223a226164645f746578747572
655f726563745f726567696f6e222c22746578223a312c227472616e73706f73
65223a747275652c22636c69705f7576223a747275652c2266223a387d5d7d2c
7b226964223a332c226f726967696e223a2263726561746564222c2270617265
6e74223a7b226b696e64223a2263616e766173222c226964223a317d2c226368
696c6472656e223a5b5d2c2276697369626c65223a747275652c22647261775f
696e646578223a322c227a5f696e646578223a302c227a5f72656c6174697665
223a747275652c22626568696e64223a66616c73652c22636c6970223a66616c
73652c22637573746f6d5f72656374223a66616c73652c227669736962696c69
74795f6c61796572223a343239343936373239352c22746578747572655f6669
6c746572223a2264656661756c74222c22746578747572655f72657065617422
3a2264656661756c74222c22636f6e74656e745f76657273696f6e223a312c22
636f6d6d616e6473223a5b7b226f70223a22756e737570706f72746564222c22
6e616d65223a2263616e7661735f6974656d5f6164645f746578747572655f72
656374222c22726561736f6e223a22756e6b6e6f776e2d74657874757265227d
5d7d2c7b226964223a342c226f726967696e223a2263726561746564222c2270
6172656e74223a7b226b696e64223a2263616e766173222c226964223a317d2c
226368696c6472656e223a5b5d2c2276697369626c65223a747275652c226472
61775f696e646578223a332c227a5f696e646578223a302c227a5f72656c6174
697665223a747275652c22626568696e64223a66616c73652c22636c6970223a
66616c73652c22637573746f6d5f72656374223a66616c73652c227669736962
696c6974795f6c61796572223a343239343936373239352c2274657874757265
5f66696c746572223a2264656661756c74222c22746578747572655f72657065
6174223a2264656661756c74222c22636f6e74656e745f76657273696f6e223a
322c22636f6d6d616e6473223a5b7b226f70223a226164645f74657874757265
5f72656374222c22746578223a6e756c6c2c2274696c65223a66616c73652c22
7472616e73706f7365223a66616c73652c2266223a32307d5d7d2c7b22696422
3a352c226f726967696e223a2263726561746564222c22706172656e74223a7b
226b696e64223a2263616e766173222c226964223a317d2c226368696c647265
6e223a5b5d2c2276697369626c65223a747275652c22647261775f696e646578
223a342c227a5f696e646578223a302c227a5f72656c6174697665223a747275
652c22626568696e64223a66616c73652c22636c6970223a66616c73652c2263
7573746f6d5f72656374223a66616c73652c227669736962696c6974795f6c61
796572223a343239343936373239352c22746578747572655f66696c74657222
3a2264656661756c74222c22746578747572655f726570656174223a22646566
61756c74222c22636f6e74656e745f76657273696f6e223a312c22636f6d6d61
6e6473223a5b7b226f70223a226164645f746578747572655f72656374222c22
746578223a332c2274696c65223a66616c73652c227472616e73706f7365223a
66616c73652c2266223a32387d5d7d2c7b226964223a362c226f726967696e22
3a2263726561746564222c22706172656e74223a7b226b696e64223a2263616e
766173222c226964223a317d2c226368696c6472656e223a5b5d2c2276697369
626c65223a747275652c22647261775f696e646578223a352c227a5f696e6465
78223a302c227a5f72656c6174697665223a747275652c22626568696e64223a
66616c73652c22636c6970223a66616c73652c22637573746f6d5f7265637422
3a66616c73652c227669736962696c6974795f6c61796572223a343239343936
373239352c22746578747572655f66696c746572223a2264656661756c74222c
22746578747572655f726570656174223a2264656661756c74222c22636f6e74
656e745f76657273696f6e223a312c22636f6d6d616e6473223a5b7b226f7022
3a226164645f6d7364665f746578747572655f726563745f726567696f6e222c
22746578223a372c226f75746c696e65223a302c2266223a33367d2c7b226f70
223a226164645f6d7364665f746578747572655f726563745f726567696f6e22
2c22746578223a372c226f75746c696e65223a342c2266223a35307d2c7b226f
70223a22756e737570706f72746564222c226e616d65223a2263616e7661735f
6974656d5f6164645f6d7364665f746578747572655f726563745f726567696f
6e222c22726561736f6e223a22756e6b6e6f776e2d74657874757265227d5d7d
2c7b226964223a372c226f726967696e223a2263726561746564222c22706172
656e74223a7b226b696e64223a2263616e766173222c226964223a317d2c2263
68696c6472656e223a5b5d2c2276697369626c65223a747275652c2264726177
5f696e646578223a362c227a5f696e646578223a302c227a5f72656c61746976
65223a747275652c22626568696e64223a66616c73652c22636c6970223a6661
6c73652c22637573746f6d5f72656374223a66616c73652c227669736962696c
6974795f6c61796572223a343239343936373239352c22746578747572655f66
696c746572223a2264656661756c74222c22746578747572655f726570656174
223a2264656661756c74222c22636f6e74656e745f76657273696f6e223a312c
22636f6d6d616e6473223a5b7b226f70223a226164645f6c696e65222c226161
223a66616c73652c2266223a36347d2c7b226f70223a226164645f706f6c796c
696e65222c226161223a66616c73652c226e223a342c22636f6c6f7273223a32
2c2266223a37337d2c7b226f70223a226164645f6d756c74696c696e65222c22
6161223a66616c73652c226e223a342c22636f6c6f7273223a312c2266223a39
307d2c7b226f70223a226164645f636972636c65222c226161223a747275652c
2266223a3130337d2c7b226f70223a226164645f7072696d6974697665222c22
746578223a6e756c6c2c226e223a332c22636f6c6f7273223a312c2275767322
3a302c2266223a3131307d2c7b226f70223a226164645f706f6c79676f6e222c
22746578223a372c226e223a342c22636f6c6f7273223a312c22757673223a34
2c2266223a3132307d2c7b226f70223a226164645f747269616e676c655f6172
726179222c22746578223a6e756c6c2c226e223a342c22636f6c6f7273223a31
2c22757673223a302c22696e6469636573223a362c22636f756e74223a332c22
69223a302c2266223a3134307d2c7b226f70223a226164645f7365745f747261
6e73666f726d222c2266223a3135327d2c7b226f70223a226164645f6e696e65
5f7061746368222c22746578223a372c22785f61786973223a2274696c655f66
6974222c22795f61786973223a2274696c655f666974222c22647261775f6365
6e746572223a747275652c2266223a3135387d2c7b226f70223a226164645f63
6c69705f69676e6f7265222c2269676e6f7265223a747275657d2c7b226f7022
3a226164645f636c69705f69676e6f7265222c2269676e6f7265223a66616c73
657d5d7d2c7b226964223a382c226f726967696e223a2263726561746564222c
22706172656e74223a7b226b696e64223a2263616e766173222c226964223a31
7d2c226368696c6472656e223a5b5d2c2276697369626c65223a747275652c22
647261775f696e646578223a372c227a5f696e646578223a302c227a5f72656c
6174697665223a747275652c22626568696e64223a66616c73652c22636c6970
223a66616c73652c22637573746f6d5f72656374223a66616c73652c22766973
6962696c6974795f6c61796572223a343239343936373239352c227465787475
72655f66696c746572223a2264656661756c74222c22746578747572655f7265
70656174223a2264656661756c74222c22636f6e74656e745f76657273696f6e
223a312c22636f6d6d616e6473223a5b7b226f70223a226164645f6d65736822
2c226d657368223a312c22746578223a372c2266223a3137347d5d7d5d2c2274
65787475726573223a5b7b226964223a312c226f726967696e223a2263726561
746564222c226b696e64223a22696d616765222c22737461747573223a226f6b
222c22726561736f6e223a6e756c6c2c2276657273696f6e223a322c22686173
68223a2232636165623361633136383838316161303437303836333162376363
3134323763343532633161303339336430393634353161396565663638343162
63373430222c22666f726d6174223a225247424138222c227769647468223a31
362c22686569676874223a31362c226d69706d617073223a66616c73652c2270
61796c6f61645f6279746573223a313133352c2263616e766173223a6e756c6c
7d2c7b226964223a322c226f726967696e223a2263726561746564222c226b69
6e64223a22696d616765222c22737461747573223a226f6b222c22726561736f
6e223a6e756c6c2c2276657273696f6e223a312c2268617368223a2265363561
3063616631613436313735653339653530316633303030303136633962353639
35383634386664613134303837346639336339666362643033666139222c2266
6f726d6174223a225247424138222c227769647468223a31362c226865696768
74223a31362c226d69706d617073223a66616c73652c227061796c6f61645f62
79746573223a313133352c2263616e766173223a6e756c6c7d2c7b226964223a
332c226f726967696e223a2263726561746564222c226b696e64223a22696d61
6765222c22737461747573223a22756e737570706f72746564222c2272656173
6f6e223a22756e737570706f727465642d666f726d6174222c2276657273696f
6e223a312c2268617368223a6e756c6c2c22666f726d6174223a225247424146
222c227769647468223a342c22686569676874223a342c226d69706d61707322
3a66616c73652c227061796c6f61645f6279746573223a302c2263616e766173
223a6e756c6c7d2c7b226964223a342c226f726967696e223a22637265617465
64222c226b696e64223a22696d616765222c22737461747573223a226f6b222c
22726561736f6e223a6e756c6c2c2276657273696f6e223a322c226861736822
3a22663636323763383230623365306263653538343731623234343136323734
3738373039636637643666343838363737366439316630316365643238643438
6633222c22666f726d6174223a225247424138222c227769647468223a382c22
686569676874223a382c226d69706d617073223a747275652c227061796c6f61
645f6279746573223a3434372c2263616e766173223a6e756c6c7d2c7b226964
223a362c226f726967696e223a2263726561746564222c226b696e64223a2269
6d616765222c22737461747573223a226f6b222c22726561736f6e223a6e756c
6c2c2276657273696f6e223a312c2268617368223a2265363561306361663161
3436313735653339653530316633303030303136633962353639353836343866
64613134303837346639336339666362643033666139222c22666f726d617422
3a225247424138222c227769647468223a31362c22686569676874223a31362c
226d69706d617073223a66616c73652c227061796c6f61645f6279746573223a
313133352c2263616e766173223a6e756c6c7d2c7b226964223a372c226f7269
67696e223a2263726561746564222c226b696e64223a22696d616765222c2273
7461747573223a226f6b222c22726561736f6e223a6e756c6c2c227665727369
6f6e223a312c2268617368223a22366435663766303635636531333333343866
6331656262643934666634616232646435316464333666633561326238323039
6130373331323664636332343337222c22666f726d6174223a22524742413822
2c227769647468223a31362c22686569676874223a31362c226d69706d617073
223a66616c73652c227061796c6f61645f6279746573223a313133352c226361
6e766173223a6e756c6c7d5d2c226d6573686573223a5b7b226964223a312c22
6f726967696e223a2263726561746564222c22737461747573223a226f6b222c
22726561736f6e223a6e756c6c2c2276657273696f6e223a312c2266223a302c
227375726661636573223a5b7b2268617368223a223432353332646333613466
3737356533343236646138346361313535613532646138623539383539346133
393665363866333634653162323230616139333361222c227061796c6f61645f
6279746573223a3235362c227072696d6974697665223a22747269616e676c65
73222c22666f726d6174223a33333535343434302c227665727465785f636f75
6e74223a332c22696e6465785f636f756e74223a307d2c7b2268617368223a22
3433353361316438356538333233356330303431643235363361653733623065
3534646665366633376637613835396135616362383861656461653439343734
222c227061796c6f61645f6279746573223a3239372c227072696d6974697665
223a22747269616e676c6573222c22666f726d6174223a33333535383534342c
227665727465785f636f756e74223a342c22696e6465785f636f756e74223a36
7d5d7d2c7b226964223a322c226f726967696e223a2263726561746564222c22
737461747573223a226f6b222c22726561736f6e223a6e756c6c2c2276657273
696f6e223a312c2266223a362c227375726661636573223a5b7b226861736822
3a22363263303734313865623130326534343231323239393263646163656663
3035376135333065653234626234376533656133303334626437633735663338
3761222c227061796c6f61645f6279746573223a3238312c227072696d697469
7665223a22747269616e676c6573222c22666f726d6174223a33333535383533
362c227665727465785f636f756e74223a342c22696e6465785f636f756e7422
3a367d5d7d5d2c22626c6f636b73223a5b7b226e616d65223a226974656d5f66
3332222c2274797065223a22663332222c22636f756e74223a3134347d2c7b22
6e616d65223a2263616e7661735f663332222c2274797065223a22663332222c
22636f756e74223a367d2c7b226e616d65223a22636d645f663332222c227479
7065223a22663332222c22636f756e74223a3138347d2c7b226e616d65223a22
636d645f693332222c2274797065223a22693332222c22636f756e74223a367d
2c7b226e616d65223a226d6573685f663332222c2274797065223a2266333222
2c22636f756e74223a31327d5d7d05000000400200000000803f000000000000
00000000803f00000041000000000000803f0000803f0000803f0000803f0000
803f0000803f0000803f0000803f000000000000000000000000000000000000
803f00000000000000000000803f0000a041000000000000803f0000803f0000
803f0000803f0000803f0000803f0000803f0000803f00000000000000000000
0000000000000000803f00000000000000000000803f00002042000000000000
803f0000803f0000803f0000803f0000803f0000803f0000803f0000803f0000
00000000000000000000000000000000803f00000000000000000000803f0000
7042000000000000803f0000803f0000803f0000803f0000803f0000803f0000
803f0000803f000000000000000000000000000000000000803f000000000000
00000000803f0000a042000000000000803f0000803f0000803f0000803f0000
803f0000803f0000803f0000803f000000000000000000000000000000000000
803f00000000000000000000803f0000c842000000000000803f0000803f0000
803f0000803f0000803f0000803f0000803f0000803f00000000000000000000
0000000000000000803f00000000000000000000803f0000f042000000000000
803f0000803f0000803f0000803f0000803f0000803f0000803f0000803f0000
00000000000000000000000000000000803f00000000000000000000803f0000
0c43000000000000803f0000803f0000803f0000803f0000803f0000803f0000
803f0000803f00000000000000000000000000000000180000000000803f0000
0000000000000000803f0000000000000000e002000000000000000000000000
8041000080410000803f0000803f0000803f0000803f00000042000000000000
80c1000080410000804100000000000080c1000080410000803f0000803f0000
803f0000803f000000000000000000008040000080400000803f0000803f0000
803f0000803f000000000000000000008040000080400000803f0000803f0000
803f0000803f0000c842000000000000c0410000c04100000000000000000000
4042000040420000803f0000803f0000803f0000803f0000c0410000003f0000
0c43000000000000c0c10000c041000040420000000000004042000040420000
803f0000803f0000803f0000803f0000c0410000003f00000000000000000000
2041000000000000803f0000803f0000803f0000803f0000803f000000400000
0000000020410000204100002041000020410000a041000000000000a0410000
803f00000000000000000000803f000000000000803f000000000000803f0000
803f000000000000f041000020410000f0410000000000002042000020410000
20420000803e0000803e0000803f0000803f0000a04000004842000080400000
803e0000403f0000803f0000803f000000000000704200002041000070420000
000000008c420000803f0000803f0000803e0000803f000000000000a0420000
20410000a042000020410000b442000000000000b4420000803f0000803f0000
803f0000803f00000000000000000000803f000000000000803f0000803f0000
00000000803f000000000000c842000020410000c842000020410000dc420000
00000000dc420000403f0000803f0000403f0000803f0000803f000000000000
00000000803f0000004000000040000000000000f04200008041000080410000
0000000000000000804100008041000080400000804000008040000080400000
803f0000803f0000803f0000803f0000803f00000000000000000000803f0000
0000000000000000803f0000803f0000803f0000803f18000000000000000100
0000020000000000000002000000030000003000000000000000000000000000
0000000000000000000000000000000000000000000000000000000000000000
000000000000c31f0000271a00007b2274797065223a227472616e7361637469
6f6e222c22736571223a31302c226672616d65223a31302c22656e636f64696e
67223a2266756c6c222c22626173655f736571223a6e756c6c2c227374617475
73223a226f6b222c226661696c75726573223a5b5d2c22756e737570706f7274
6564223a5b7b226f70223a2263616e7661735f6974656d5f6164645f74657874
7572655f72656374222c226974656d223a332c22726561736f6e223a22756e6b
6e6f776e2d74657874757265227d2c7b226f70223a2263616e7661735f697465
6d5f6164645f746578747572655f72656374222c226974656d223a352c227265
61736f6e223a22756e737570706f727465642d74657874757265227d2c7b226f
70223a2263616e7661735f6974656d5f6164645f6d7364665f74657874757265
5f726563745f726567696f6e222c226974656d223a362c22726561736f6e223a
22756e6b6e6f776e2d74657874757265227d5d2c2264656661756c745f746578
747572655f66696c746572223a226c696e656172222c2264656661756c745f74
6578747572655f726570656174223a2264697361626c6564222c2272656d6f76
65645f63616e7661736573223a5b5d2c2272656d6f7665645f6974656d73223a
5b5d2c2272656d6f7665645f7465787475726573223a5b5d2c2272656d6f7665
645f6d6573686573223a5b5d2c2263616e7661736573223a5b7b226964223a31
2c226f726967696e223a22726f6f742d7175657279222c22726f6c65223a2272
6f6f74222c226174746163686564223a747275652c226974656d73223a5b312c
322c332c342c352c362c372c385d7d5d2c226974656d73223a5b7b226964223a
312c226f726967696e223a2263726561746564222c22706172656e74223a7b22
6b696e64223a2263616e766173222c226964223a317d2c226368696c6472656e
223a5b5d2c2276697369626c65223a747275652c22647261775f696e64657822
3a302c227a5f696e646578223a302c227a5f72656c6174697665223a74727565
2c22626568696e64223a66616c73652c22636c6970223a66616c73652c226375
73746f6d5f72656374223a66616c73652c227669736962696c6974795f6c6179
6572223a343239343936373239352c22746578747572655f66696c746572223a
226c696e656172222c22746578747572655f726570656174223a22656e61626c
6564222c22636f6e74656e745f76657273696f6e223a312c22636f6d6d616e64
73223a5b7b226f70223a226164645f746578747572655f72656374222c227465
78223a312c2274696c65223a747275652c227472616e73706f7365223a747275
652c2266223a307d5d7d2c7b226964223a322c226f726967696e223a22637265
61746564222c22706172656e74223a7b226b696e64223a2263616e766173222c
226964223a317d2c226368696c6472656e223a5b5d2c2276697369626c65223a
747275652c22647261775f696e646578223a312c227a5f696e646578223a302c
227a5f72656c6174697665223a747275652c22626568696e64223a66616c7365
2c22636c6970223a66616c73652c22637573746f6d5f72656374223a66616c73
652c227669736962696c6974795f6c61796572223a343239343936373239352c
22746578747572655f66696c746572223a2264656661756c74222c2274657874
7572655f726570656174223a2264656661756c74222c22636f6e74656e745f76
657273696f6e223a312c22636f6d6d616e6473223a5b7b226f70223a22616464
5f746578747572655f726563745f726567696f6e222c22746578223a312c2274
72616e73706f7365223a747275652c22636c69705f7576223a747275652c2266
223a387d5d7d2c7b226964223a332c226f726967696e223a2263726561746564
222c22706172656e74223a7b226b696e64223a2263616e766173222c22696422
3a317d2c226368696c6472656e223a5b5d2c2276697369626c65223a74727565
2c22647261775f696e646578223a322c227a5f696e646578223a302c227a5f72
656c6174697665223a747275652c22626568696e64223a66616c73652c22636c
6970223a66616c73652c22637573746f6d5f72656374223a66616c73652c2276
69736962696c6974795f6c61796572223a343239343936373239352c22746578
747572655f66696c746572223a2264656661756c74222c22746578747572655f
726570656174223a2264656661756c74222c22636f6e74656e745f7665727369
6f6e223a312c22636f6d6d616e6473223a5b7b226f70223a22756e737570706f
72746564222c226e616d65223a2263616e7661735f6974656d5f6164645f7465
78747572655f72656374222c22726561736f6e223a22756e6b6e6f776e2d7465
7874757265227d5d7d2c7b226964223a342c226f726967696e223a2263726561
746564222c22706172656e74223a7b226b696e64223a2263616e766173222c22
6964223a317d2c226368696c6472656e223a5b5d2c2276697369626c65223a74
7275652c22647261775f696e646578223a332c227a5f696e646578223a302c22
7a5f72656c6174697665223a747275652c22626568696e64223a66616c73652c
22636c6970223a66616c73652c22637573746f6d5f72656374223a66616c7365
2c227669736962696c6974795f6c61796572223a343239343936373239352c22
746578747572655f66696c746572223a2264656661756c74222c227465787475
72655f726570656174223a2264656661756c74222c22636f6e74656e745f7665
7273696f6e223a322c22636f6d6d616e6473223a5b7b226f70223a226164645f
746578747572655f72656374222c22746578223a6e756c6c2c2274696c65223a
66616c73652c227472616e73706f7365223a66616c73652c2266223a32307d5d
7d2c7b226964223a352c226f726967696e223a2263726561746564222c227061
72656e74223a7b226b696e64223a2263616e766173222c226964223a317d2c22
6368696c6472656e223a5b5d2c2276697369626c65223a747275652c22647261
775f696e646578223a342c227a5f696e646578223a302c227a5f72656c617469
7665223a747275652c22626568696e64223a66616c73652c22636c6970223a66
616c73652c22637573746f6d5f72656374223a66616c73652c22766973696269
6c6974795f6c61796572223a343239343936373239352c22746578747572655f
66696c746572223a2264656661756c74222c22746578747572655f7265706561
74223a2264656661756c74222c22636f6e74656e745f76657273696f6e223a31
2c22636f6d6d616e6473223a5b7b226f70223a226164645f746578747572655f
72656374222c22746578223a332c2274696c65223a66616c73652c227472616e
73706f7365223a66616c73652c2266223a32387d5d7d2c7b226964223a362c22
6f726967696e223a2263726561746564222c22706172656e74223a7b226b696e
64223a2263616e766173222c226964223a317d2c226368696c6472656e223a5b
5d2c2276697369626c65223a747275652c22647261775f696e646578223a352c
227a5f696e646578223a302c227a5f72656c6174697665223a747275652c2262
6568696e64223a66616c73652c22636c6970223a66616c73652c22637573746f
6d5f72656374223a66616c73652c227669736962696c6974795f6c6179657222
3a343239343936373239352c22746578747572655f66696c746572223a226465
6661756c74222c22746578747572655f726570656174223a2264656661756c74
222c22636f6e74656e745f76657273696f6e223a312c22636f6d6d616e647322
3a5b7b226f70223a226164645f6d7364665f746578747572655f726563745f72
6567696f6e222c22746578223a372c226f75746c696e65223a302c2266223a33
367d2c7b226f70223a226164645f6d7364665f746578747572655f726563745f
726567696f6e222c22746578223a372c226f75746c696e65223a342c2266223a
35307d2c7b226f70223a22756e737570706f72746564222c226e616d65223a22
63616e7661735f6974656d5f6164645f6d7364665f746578747572655f726563
745f726567696f6e222c22726561736f6e223a22756e6b6e6f776e2d74657874
757265227d5d7d2c7b226964223a372c226f726967696e223a22637265617465
64222c22706172656e74223a7b226b696e64223a2263616e766173222c226964
223a317d2c226368696c6472656e223a5b5d2c2276697369626c65223a747275
652c22647261775f696e646578223a362c227a5f696e646578223a302c227a5f
72656c6174697665223a747275652c22626568696e64223a66616c73652c2263
6c6970223a66616c73652c22637573746f6d5f72656374223a66616c73652c22
7669736962696c6974795f6c61796572223a343239343936373239352c227465
78747572655f66696c746572223a2264656661756c74222c2274657874757265
5f726570656174223a2264656661756c74222c22636f6e74656e745f76657273
696f6e223a312c22636f6d6d616e6473223a5b7b226f70223a226164645f6c69
6e65222c226161223a66616c73652c2266223a36347d2c7b226f70223a226164
645f706f6c796c696e65222c226161223a66616c73652c226e223a342c22636f
6c6f7273223a322c2266223a37337d2c7b226f70223a226164645f6d756c7469
6c696e65222c226161223a66616c73652c226e223a342c22636f6c6f7273223a
312c2266223a39307d2c7b226f70223a226164645f636972636c65222c226161
223a747275652c2266223a3130337d2c7b226f70223a226164645f7072696d69
74697665222c22746578223a6e756c6c2c226e223a332c22636f6c6f7273223a
312c22757673223a302c2266223a3131307d2c7b226f70223a226164645f706f
6c79676f6e222c22746578223a372c226e223a342c22636f6c6f7273223a312c
22757673223a342c2266223a3132307d2c7b226f70223a226164645f74726961
6e676c655f6172726179222c22746578223a6e756c6c2c226e223a342c22636f
6c6f7273223a312c22757673223a302c22696e6469636573223a362c22636f75
6e74223a332c2269223a302c2266223a3134307d2c7b226f70223a226164645f
7365745f7472616e73666f726d222c2266223a3135327d2c7b226f70223a2261
64645f6e696e655f7061746368222c22746578223a372c22785f61786973223a
2274696c655f666974222c22795f61786973223a2274696c655f666974222c22
647261775f63656e746572223a747275652c2266223a3135387d2c7b226f7022
3a226164645f636c69705f69676e6f7265222c2269676e6f7265223a74727565
7d2c7b226f70223a226164645f636c69705f69676e6f7265222c2269676e6f72
65223a66616c73657d5d7d2c7b226964223a382c226f726967696e223a226372
6561746564222c22706172656e74223a7b226b696e64223a2263616e76617322
2c226964223a317d2c226368696c6472656e223a5b5d2c2276697369626c6522
3a747275652c22647261775f696e646578223a372c227a5f696e646578223a30
2c227a5f72656c6174697665223a747275652c22626568696e64223a66616c73
652c22636c6970223a66616c73652c22637573746f6d5f72656374223a66616c
73652c227669736962696c6974795f6c61796572223a34323934393637323935
2c22746578747572655f66696c746572223a2264656661756c74222c22746578
747572655f726570656174223a2264656661756c74222c22636f6e74656e745f
76657273696f6e223a312c22636f6d6d616e6473223a5b7b226f70223a226164
645f6d657368222c226d657368223a312c22746578223a372c2266223a313734
7d5d7d5d2c227465787475726573223a5b7b226964223a312c226f726967696e
223a2263726561746564222c226b696e64223a22696d616765222c2273746174
7573223a226f6b222c22726561736f6e223a6e756c6c2c2276657273696f6e22
3a322c2268617368223a22326361656233616331363838383161613034373038
3633316237636331343237633435326331613033393364303936343531613965
6566363834316263373430222c22666f726d6174223a225247424138222c2277
69647468223a31362c22686569676874223a31362c226d69706d617073223a66
616c73652c227061796c6f61645f6279746573223a313133352c2263616e7661
73223a6e756c6c7d2c7b226964223a322c226f726967696e223a226372656174
6564222c226b696e64223a22696d616765222c22737461747573223a226f6b22
2c22726561736f6e223a6e756c6c2c2276657273696f6e223a312c2268617368
223a226536356130636166316134363137356533396535303166333030303031
3663396235363935383634386664613134303837346639336339666362643033
666139222c22666f726d6174223a225247424138222c227769647468223a3136
2c22686569676874223a31362c226d69706d617073223a66616c73652c227061
796c6f61645f6279746573223a313133352c2263616e766173223a6e756c6c7d
2c7b226964223a332c226f726967696e223a2263726561746564222c226b696e
64223a22696d616765222c22737461747573223a22756e737570706f72746564
222c22726561736f6e223a22756e737570706f727465642d666f726d6174222c
2276657273696f6e223a312c2268617368223a6e756c6c2c22666f726d617422
3a225247424146222c227769647468223a342c22686569676874223a342c226d
69706d617073223a66616c73652c227061796c6f61645f6279746573223a302c
2263616e766173223a6e756c6c7d2c7b226964223a342c226f726967696e223a
2263726561746564222c226b696e64223a22696d616765222c22737461747573
223a226f6b222c22726561736f6e223a6e756c6c2c2276657273696f6e223a32
2c2268617368223a226636363237633832306233653062636535383437316232
3434313632373437383730396366376436663438383637373664393166303163
656432386434386633222c22666f726d6174223a225247424138222c22776964
7468223a382c22686569676874223a382c226d69706d617073223a747275652c
227061796c6f61645f6279746573223a3434372c2263616e766173223a6e756c
6c7d2c7b226964223a362c226f726967696e223a2263726561746564222c226b
696e64223a22696d616765222c22737461747573223a226f6b222c2272656173
6f6e223a6e756c6c2c2276657273696f6e223a312c2268617368223a22653635
6130636166316134363137356533396535303166333030303031366339623536
3935383634386664613134303837346639336339666362643033666139222c22
666f726d6174223a225247424138222c227769647468223a31362c2268656967
6874223a31362c226d69706d617073223a66616c73652c227061796c6f61645f
6279746573223a313133352c2263616e766173223a6e756c6c7d2c7b22696422
3a372c226f726967696e223a2263726561746564222c226b696e64223a22696d
616765222c22737461747573223a226f6b222c22726561736f6e223a6e756c6c
2c2276657273696f6e223a312c2268617368223a223664356637663036356365
3133333334386663316562626439346666346162326464353164643336666335
613262383230396130373331323664636332343337222c22666f726d6174223a
225247424138222c227769647468223a31362c22686569676874223a31362c22
6d69706d617073223a66616c73652c227061796c6f61645f6279746573223a31
3133352c2263616e766173223a6e756c6c7d5d2c226d6573686573223a5b7b22
6964223a312c226f726967696e223a2263726561746564222c22737461747573
223a226f6b222c22726561736f6e223a6e756c6c2c2276657273696f6e223a31
2c2266223a302c227375726661636573223a5b7b2268617368223a2234323533
3264633361346637373565333432366461383463613135356135326461386235
39383539346133393665363866333634653162323230616139333361222c2270
61796c6f61645f6279746573223a3235362c227072696d6974697665223a2274
7269616e676c6573222c22666f726d6174223a33333535343434302c22766572
7465785f636f756e74223a332c22696e6465785f636f756e74223a307d2c7b22
68617368223a2234333533613164383565383332333563303034316432353633
6165373362306535346466653666333766376138353961356163623838616564
61653439343734222c227061796c6f61645f6279746573223a3239372c227072
696d6974697665223a22747269616e676c6573222c22666f726d6174223a3333
3535383534342c227665727465785f636f756e74223a342c22696e6465785f63
6f756e74223a367d5d7d2c7b226964223a322c226f726967696e223a22637265
61746564222c22737461747573223a226f6b222c22726561736f6e223a6e756c
6c2c2276657273696f6e223a322c2266223a362c227375726661636573223a5b
7b2268617368223a223163363862393464363838313730363964353335383032
3132643066636365616338306565633835346535643162643633393962396237
313630653938626263222c227061796c6f61645f6279746573223a3238312c22
7072696d6974697665223a22747269616e676c6573222c22666f726d6174223a
33333535383533362c227665727465785f636f756e74223a342c22696e646578
5f636f756e74223a367d5d7d5d2c22626c6f636b73223a5b7b226e616d65223a
226974656d5f663332222c2274797065223a22663332222c22636f756e74223a
3134347d2c7b226e616d65223a2263616e7661735f663332222c227479706522
3a22663332222c22636f756e74223a367d2c7b226e616d65223a22636d645f66
3332222c2274797065223a22663332222c22636f756e74223a3138347d2c7b22
6e616d65223a22636d645f693332222c2274797065223a22693332222c22636f
756e74223a367d2c7b226e616d65223a226d6573685f663332222c2274797065
223a22663332222c22636f756e74223a31327d5d7d0500000040020000000080
3f00000000000000000000803f00000041000000000000803f0000803f000080
3f0000803f0000803f0000803f0000803f0000803f0000000000000000000000
00000000000000803f00000000000000000000803f0000a04100000000000080
3f0000803f0000803f0000803f0000803f0000803f0000803f0000803f000000
000000000000000000000000000000803f00000000000000000000803f000020
42000000000000803f0000803f0000803f0000803f0000803f0000803f000080
3f0000803f000000000000000000000000000000000000803f00000000000000
000000803f00007042000000000000803f0000803f0000803f0000803f000080
3f0000803f0000803f0000803f00000000000000000000000000000000000080
3f00000000000000000000803f0000a042000000000000803f0000803f000080
3f0000803f0000803f0000803f0000803f0000803f0000000000000000000000
00000000000000803f00000000000000000000803f0000c84200000000000080
3f0000803f0000803f0000803f0000803f0000803f0000803f0000803f000000
000000000000000000000000000000803f00000000000000000000803f0000f0
42000000000000803f0000803f0000803f0000803f0000803f0000803f000080
3f0000803f000000000000000000000000000000000000803f00000000000000
000000803f00000c43000000000000803f0000803f0000803f0000803f000080
3f0000803f0000803f0000803f00000000000000000000000000000000180000
000000803f00000000000000000000803f0000000000000000e0020000000000
000000000000008041000080410000803f0000803f0000803f0000803f000000
4200000000000080c1000080410000804100000000000080c100008041000080
3f0000803f0000803f0000803f00000000000000000000804000008040000080
3f0000803f0000803f0000803f00000000000000000000804000008040000080
3f0000803f0000803f0000803f0000c842000000000000c0410000c041000000
000000000000004042000040420000803f0000803f0000803f0000803f0000c0
410000003f00000c43000000000000c0c10000c0410000404200000000000040
42000040420000803f0000803f0000803f0000803f0000c0410000003f000000
000000000000002041000000000000803f0000803f0000803f0000803f000080
3f0000004000000000000020410000204100002041000020410000a041000000
000000a0410000803f00000000000000000000803f000000000000803f000000
000000803f0000803f000000000000f041000020410000f04100000000000020
4200002041000020420000803e0000803e0000803f0000803f0000a040000048
42000080400000803e0000403f0000803f0000803f0000000000007042000020
41000070420000000000008c420000803f0000803f0000803e0000803f000000
000000a042000020410000a042000020410000b442000000000000b442000080
3f0000803f0000803f0000803f00000000000000000000803f00000000000080
3f0000803f000000000000803f000000000000c842000020410000c842000020
410000dc42000000000000dc420000403f0000803f0000403f0000803f000080
3f00000000000000000000803f0000004000000040000000000000f042000080
4100008041000000000000000000008041000080410000804000008040000080
40000080400000803f0000803f0000803f0000803f0000803f00000000000000
000000803f00000000000000000000803f0000803f0000803f0000803f180000
0000000000010000000200000000000000020000000300000030000000000000
0000000000000000000000000000000000000000000000000000000000000000
00000000000000000000000000f22200009e1c00007b2274797065223a227472
616e73616374696f6e222c22736571223a31312c226672616d65223a31312c22
656e636f64696e67223a2266756c6c222c22626173655f736571223a6e756c6c
2c22737461747573223a226f6b222c226661696c75726573223a5b5d2c22756e
737570706f72746564223a5b7b226f70223a2263616e7661735f6974656d5f61
64645f746578747572655f72656374222c226974656d223a332c22726561736f
6e223a22756e6b6e6f776e2d74657874757265227d2c7b226f70223a2263616e
7661735f6974656d5f6164645f746578747572655f72656374222c226974656d
223a352c22726561736f6e223a22756e737570706f727465642d746578747572
65227d2c7b226f70223a2263616e7661735f6974656d5f6164645f6d7364665f
746578747572655f726563745f726567696f6e222c226974656d223a362c2272
6561736f6e223a22756e6b6e6f776e2d74657874757265227d2c7b226f70223a
2263616e7661735f6974656d5f6164645f6d657368222c226974656d223a392c
22726561736f6e223a22756e737570706f727465642d6d657368227d2c7b226f
70223a2263616e7661735f6974656d5f6164645f6d657368222c226974656d22
3a31302c22726561736f6e223a22756e6b6e6f776e2d6d657368227d5d2c2264
656661756c745f746578747572655f66696c746572223a226c696e656172222c
2264656661756c745f746578747572655f726570656174223a2264697361626c
6564222c2272656d6f7665645f63616e7661736573223a5b5d2c2272656d6f76
65645f6974656d73223a5b5d2c2272656d6f7665645f7465787475726573223a
5b5d2c2272656d6f7665645f6d6573686573223a5b5d2c2263616e7661736573
223a5b7b226964223a312c226f726967696e223a22726f6f742d717565727922
2c22726f6c65223a22726f6f74222c226174746163686564223a747275652c22
6974656d73223a5b312c322c332c342c352c362c372c382c392c31305d7d5d2c
226974656d73223a5b7b226964223a312c226f726967696e223a226372656174
6564222c22706172656e74223a7b226b696e64223a2263616e766173222c2269
64223a317d2c226368696c6472656e223a5b5d2c2276697369626c65223a7472
75652c22647261775f696e646578223a302c227a5f696e646578223a302c227a
5f72656c6174697665223a747275652c22626568696e64223a66616c73652c22
636c6970223a66616c73652c22637573746f6d5f72656374223a66616c73652c
227669736962696c6974795f6c61796572223a343239343936373239352c2274
6578747572655f66696c746572223a226c696e656172222c2274657874757265
5f726570656174223a22656e61626c6564222c22636f6e74656e745f76657273
696f6e223a312c22636f6d6d616e6473223a5b7b226f70223a226164645f7465
78747572655f72656374222c22746578223a312c2274696c65223a747275652c
227472616e73706f7365223a747275652c2266223a307d5d7d2c7b226964223a
322c226f726967696e223a2263726561746564222c22706172656e74223a7b22
6b696e64223a2263616e766173222c226964223a317d2c226368696c6472656e
223a5b5d2c2276697369626c65223a747275652c22647261775f696e64657822
3a312c227a5f696e646578223a302c227a5f72656c6174697665223a74727565
2c22626568696e64223a66616c73652c22636c6970223a66616c73652c226375
73746f6d5f72656374223a66616c73652c227669736962696c6974795f6c6179
6572223a343239343936373239352c22746578747572655f66696c746572223a
2264656661756c74222c22746578747572655f726570656174223a2264656661
756c74222c22636f6e74656e745f76657273696f6e223a312c22636f6d6d616e
6473223a5b7b226f70223a226164645f746578747572655f726563745f726567
696f6e222c22746578223a312c227472616e73706f7365223a747275652c2263
6c69705f7576223a747275652c2266223a387d5d7d2c7b226964223a332c226f
726967696e223a2263726561746564222c22706172656e74223a7b226b696e64
223a2263616e766173222c226964223a317d2c226368696c6472656e223a5b5d
2c2276697369626c65223a747275652c22647261775f696e646578223a322c22
7a5f696e646578223a302c227a5f72656c6174697665223a747275652c226265
68696e64223a66616c73652c22636c6970223a66616c73652c22637573746f6d
5f72656374223a66616c73652c227669736962696c6974795f6c61796572223a
343239343936373239352c22746578747572655f66696c746572223a22646566
61756c74222c22746578747572655f726570656174223a2264656661756c7422
2c22636f6e74656e745f76657273696f6e223a312c22636f6d6d616e6473223a
5b7b226f70223a22756e737570706f72746564222c226e616d65223a2263616e
7661735f6974656d5f6164645f746578747572655f72656374222c2272656173
6f6e223a22756e6b6e6f776e2d74657874757265227d5d7d2c7b226964223a34
2c226f726967696e223a2263726561746564222c22706172656e74223a7b226b
696e64223a2263616e766173222c226964223a317d2c226368696c6472656e22
3a5b5d2c2276697369626c65223a747275652c22647261775f696e646578223a
332c227a5f696e646578223a302c227a5f72656c6174697665223a747275652c
22626568696e64223a66616c73652c22636c6970223a66616c73652c22637573
746f6d5f72656374223a66616c73652c227669736962696c6974795f6c617965
72223a343239343936373239352c22746578747572655f66696c746572223a22
64656661756c74222c22746578747572655f726570656174223a226465666175
6c74222c22636f6e74656e745f76657273696f6e223a322c22636f6d6d616e64
73223a5b7b226f70223a226164645f746578747572655f72656374222c227465
78223a6e756c6c2c2274696c65223a66616c73652c227472616e73706f736522
3a66616c73652c2266223a32307d5d7d2c7b226964223a352c226f726967696e
223a2263726561746564222c22706172656e74223a7b226b696e64223a226361
6e766173222c226964223a317d2c226368696c6472656e223a5b5d2c22766973
69626c65223a747275652c22647261775f696e646578223a342c227a5f696e64
6578223a302c227a5f72656c6174697665223a747275652c22626568696e6422
3a66616c73652c22636c6970223a66616c73652c22637573746f6d5f72656374
223a66616c73652c227669736962696c6974795f6c61796572223a3432393439
36373239352c22746578747572655f66696c746572223a2264656661756c7422
2c22746578747572655f726570656174223a2264656661756c74222c22636f6e
74656e745f76657273696f6e223a312c22636f6d6d616e6473223a5b7b226f70
223a226164645f746578747572655f72656374222c22746578223a332c227469
6c65223a66616c73652c227472616e73706f7365223a66616c73652c2266223a
32387d5d7d2c7b226964223a362c226f726967696e223a226372656174656422
2c22706172656e74223a7b226b696e64223a2263616e766173222c226964223a
317d2c226368696c6472656e223a5b5d2c2276697369626c65223a747275652c
22647261775f696e646578223a352c227a5f696e646578223a302c227a5f7265
6c6174697665223a747275652c22626568696e64223a66616c73652c22636c69
70223a66616c73652c22637573746f6d5f72656374223a66616c73652c227669
736962696c6974795f6c61796572223a343239343936373239352c2274657874
7572655f66696c746572223a2264656661756c74222c22746578747572655f72
6570656174223a2264656661756c74222c22636f6e74656e745f76657273696f
6e223a312c22636f6d6d616e6473223a5b7b226f70223a226164645f6d736466
5f746578747572655f726563745f726567696f6e222c22746578223a372c226f
75746c696e65223a302c2266223a33367d2c7b226f70223a226164645f6d7364
665f746578747572655f726563745f726567696f6e222c22746578223a372c22
6f75746c696e65223a342c2266223a35307d2c7b226f70223a22756e73757070
6f72746564222c226e616d65223a2263616e7661735f6974656d5f6164645f6d
7364665f746578747572655f726563745f726567696f6e222c22726561736f6e
223a22756e6b6e6f776e2d74657874757265227d5d7d2c7b226964223a372c22
6f726967696e223a2263726561746564222c22706172656e74223a7b226b696e
64223a2263616e766173222c226964223a317d2c226368696c6472656e223a5b
5d2c2276697369626c65223a747275652c22647261775f696e646578223a362c
227a5f696e646578223a302c227a5f72656c6174697665223a747275652c2262
6568696e64223a66616c73652c22636c6970223a66616c73652c22637573746f
6d5f72656374223a66616c73652c227669736962696c6974795f6c6179657222
3a343239343936373239352c22746578747572655f66696c746572223a226465
6661756c74222c22746578747572655f726570656174223a2264656661756c74
222c22636f6e74656e745f76657273696f6e223a312c22636f6d6d616e647322
3a5b7b226f70223a226164645f6c696e65222c226161223a66616c73652c2266
223a36347d2c7b226f70223a226164645f706f6c796c696e65222c226161223a
66616c73652c226e223a342c22636f6c6f7273223a322c2266223a37337d2c7b
226f70223a226164645f6d756c74696c696e65222c226161223a66616c73652c
226e223a342c22636f6c6f7273223a312c2266223a39307d2c7b226f70223a22
6164645f636972636c65222c226161223a747275652c2266223a3130337d2c7b
226f70223a226164645f7072696d6974697665222c22746578223a6e756c6c2c
226e223a332c22636f6c6f7273223a312c22757673223a302c2266223a313130
7d2c7b226f70223a226164645f706f6c79676f6e222c22746578223a372c226e
223a342c22636f6c6f7273223a312c22757673223a342c2266223a3132307d2c
7b226f70223a226164645f747269616e676c655f6172726179222c2274657822
3a6e756c6c2c226e223a342c22636f6c6f7273223a312c22757673223a302c22
696e6469636573223a362c22636f756e74223a332c2269223a302c2266223a31
34307d2c7b226f70223a226164645f7365745f7472616e73666f726d222c2266
223a3135327d2c7b226f70223a226164645f6e696e655f7061746368222c2274
6578223a372c22785f61786973223a2274696c655f666974222c22795f617869
73223a2274696c655f666974222c22647261775f63656e746572223a74727565
2c2266223a3135387d2c7b226f70223a226164645f636c69705f69676e6f7265
222c2269676e6f7265223a747275657d2c7b226f70223a226164645f636c6970
5f69676e6f7265222c2269676e6f7265223a66616c73657d5d7d2c7b22696422
3a382c226f726967696e223a2263726561746564222c22706172656e74223a7b
226b696e64223a2263616e766173222c226964223a317d2c226368696c647265
6e223a5b5d2c2276697369626c65223a747275652c22647261775f696e646578
223a372c227a5f696e646578223a302c227a5f72656c6174697665223a747275
652c22626568696e64223a66616c73652c22636c6970223a66616c73652c2263
7573746f6d5f72656374223a66616c73652c227669736962696c6974795f6c61
796572223a343239343936373239352c22746578747572655f66696c74657222
3a2264656661756c74222c22746578747572655f726570656174223a22646566
61756c74222c22636f6e74656e745f76657273696f6e223a312c22636f6d6d61
6e6473223a5b7b226f70223a226164645f6d657368222c226d657368223a312c
22746578223a372c2266223a3137347d5d7d2c7b226964223a392c226f726967
696e223a2263726561746564222c22706172656e74223a7b226b696e64223a22
63616e766173222c226964223a317d2c226368696c6472656e223a5b5d2c2276
697369626c65223a747275652c22647261775f696e646578223a382c227a5f69
6e646578223a302c227a5f72656c6174697665223a747275652c22626568696e
64223a66616c73652c22636c6970223a66616c73652c22637573746f6d5f7265
6374223a66616c73652c227669736962696c6974795f6c61796572223a343239
343936373239352c22746578747572655f66696c746572223a2264656661756c
74222c22746578747572655f726570656174223a2264656661756c74222c2263
6f6e74656e745f76657273696f6e223a312c22636f6d6d616e6473223a5b7b22
6f70223a226164645f6d657368222c226d657368223a332c22746578223a6e75
6c6c2c2266223a3138347d5d7d2c7b226964223a31302c226f726967696e223a
2263726561746564222c22706172656e74223a7b226b696e64223a2263616e76
6173222c226964223a317d2c226368696c6472656e223a5b5d2c227669736962
6c65223a747275652c22647261775f696e646578223a392c227a5f696e646578
223a302c227a5f72656c6174697665223a747275652c22626568696e64223a66
616c73652c22636c6970223a66616c73652c22637573746f6d5f72656374223a
66616c73652c227669736962696c6974795f6c61796572223a34323934393637
3239352c22746578747572655f66696c746572223a2264656661756c74222c22
746578747572655f726570656174223a2264656661756c74222c22636f6e7465
6e745f76657273696f6e223a312c22636f6d6d616e6473223a5b7b226f70223a
22756e737570706f72746564222c226e616d65223a2263616e7661735f697465
6d5f6164645f6d657368222c22726561736f6e223a22756e6b6e6f776e2d6d65
7368227d5d7d5d2c227465787475726573223a5b7b226964223a312c226f7269
67696e223a2263726561746564222c226b696e64223a22696d616765222c2273
7461747573223a226f6b222c22726561736f6e223a6e756c6c2c227665727369
6f6e223a322c2268617368223a22326361656233616331363838383161613034
3730383633316237636331343237633435326331613033393364303936343531
6139656566363834316263373430222c22666f726d6174223a22524742413822
2c227769647468223a31362c22686569676874223a31362c226d69706d617073
223a66616c73652c227061796c6f61645f6279746573223a313133352c226361
6e766173223a6e756c6c7d2c7b226964223a322c226f726967696e223a226372
6561746564222c226b696e64223a22696d616765222c22737461747573223a22
6f6b222c22726561736f6e223a6e756c6c2c2276657273696f6e223a312c2268
617368223a226536356130636166316134363137356533396535303166333030
3030313663396235363935383634386664613134303837346639336339666362
643033666139222c22666f726d6174223a225247424138222c22776964746822
3a31362c22686569676874223a31362c226d69706d617073223a66616c73652c
227061796c6f61645f6279746573223a313133352c2263616e766173223a6e75
6c6c7d2c7b226964223a332c226f726967696e223a2263726561746564222c22
6b696e64223a22696d616765222c22737461747573223a22756e737570706f72
746564222c22726561736f6e223a22756e737570706f727465642d666f726d61
74222c2276657273696f6e223a312c2268617368223a6e756c6c2c22666f726d
6174223a225247424146222c227769647468223a342c22686569676874223a34
2c226d69706d617073223a66616c73652c227061796c6f61645f627974657322
3a302c2263616e766173223a6e756c6c7d2c7b226964223a342c226f72696769
6e223a2263726561746564222c226b696e64223a22696d616765222c22737461
747573223a226f6b222c22726561736f6e223a6e756c6c2c2276657273696f6e
223a322c2268617368223a226636363237633832306233653062636535383437
3162323434313632373437383730396366376436663438383637373664393166
303163656432386434386633222c22666f726d6174223a225247424138222c22
7769647468223a382c22686569676874223a382c226d69706d617073223a7472
75652c227061796c6f61645f6279746573223a3434372c2263616e766173223a
6e756c6c7d2c7b226964223a362c226f726967696e223a226372656174656422
2c226b696e64223a22696d616765222c22737461747573223a226f6b222c2272
6561736f6e223a6e756c6c2c2276657273696f6e223a312c2268617368223a22
6536356130636166316134363137356533396535303166333030303031366339
6235363935383634386664613134303837346639336339666362643033666139
222c22666f726d6174223a225247424138222c227769647468223a31362c2268
6569676874223a31362c226d69706d617073223a66616c73652c227061796c6f
61645f6279746573223a313133352c2263616e766173223a6e756c6c7d2c7b22
6964223a372c226f726967696e223a2263726561746564222c226b696e64223a
22696d616765222c22737461747573223a226f6b222c22726561736f6e223a6e
756c6c2c2276657273696f6e223a312c2268617368223a223664356637663036
3563653133333334386663316562626439346666346162326464353164643336
666335613262383230396130373331323664636332343337222c22666f726d61
74223a225247424138222c227769647468223a31362c22686569676874223a31
362c226d69706d617073223a66616c73652c227061796c6f61645f6279746573
223a313133352c2263616e766173223a6e756c6c7d5d2c226d6573686573223a
5b7b226964223a312c226f726967696e223a2263726561746564222c22737461
747573223a226672656564222c22726561736f6e223a6e756c6c2c2276657273
696f6e223a312c2266223a6e756c6c2c227375726661636573223a5b5d7d2c7b
226964223a322c226f726967696e223a2263726561746564222c227374617475
73223a226f6b222c22726561736f6e223a6e756c6c2c2276657273696f6e223a
322c2266223a302c227375726661636573223a5b7b2268617368223a22316336
3862393464363838313730363964353335383032313264306663636561633830
6565633835346535643162643633393962396237313630653938626263222c22
7061796c6f61645f6279746573223a3238312c227072696d6974697665223a22
747269616e676c6573222c22666f726d6174223a33333535383533362c227665
727465785f636f756e74223a342c22696e6465785f636f756e74223a367d5d7d
2c7b226964223a332c226f726967696e223a2263726561746564222c22737461
747573223a22756e737570706f72746564222c22726561736f6e223a226d6573
682d666f726d6174222c2276657273696f6e223a312c2266223a362c22737572
6661636573223a5b5d7d5d2c22626c6f636b73223a5b7b226e616d65223a2269
74656d5f663332222c2274797065223a22663332222c22636f756e74223a3138
307d2c7b226e616d65223a2263616e7661735f663332222c2274797065223a22
663332222c22636f756e74223a367d2c7b226e616d65223a22636d645f663332
222c2274797065223a22663332222c22636f756e74223a3139347d2c7b226e61
6d65223a22636d645f693332222c2274797065223a22693332222c22636f756e
74223a367d2c7b226e616d65223a226d6573685f663332222c2274797065223a
22663332222c22636f756e74223a31327d5d7d05000000d00200000000803f00
000000000000000000803f00000041000000000000803f0000803f0000803f00
00803f0000803f0000803f0000803f0000803f00000000000000000000000000
0000000000803f00000000000000000000803f0000a041000000000000803f00
00803f0000803f0000803f0000803f0000803f0000803f0000803f0000000000
00000000000000000000000000803f00000000000000000000803f0000204200
0000000000803f0000803f0000803f0000803f0000803f0000803f0000803f00
00803f000000000000000000000000000000000000803f000000000000000000
00803f00007042000000000000803f0000803f0000803f0000803f0000803f00
00803f0000803f0000803f000000000000000000000000000000000000803f00
000000000000000000803f0000a042000000000000803f0000803f0000803f00
00803f0000803f0000803f0000803f0000803f00000000000000000000000000
0000000000803f00000000000000000000803f0000c842000000000000803f00
00803f0000803f0000803f0000803f0000803f0000803f0000803f0000000000
00000000000000000000000000803f00000000000000000000803f0000f04200
0000000000803f0000803f0000803f0000803f0000803f0000803f0000803f00
00803f000000000000000000000000000000000000803f000000000000000000
00803f00000c43000000000000803f0000803f0000803f0000803f0000803f00
00803f0000803f0000803f000000000000000000000000000000000000803f00
000000000000000000803f00002043000000000000803f0000803f0000803f00
00803f0000803f0000803f0000803f0000803f00000000000000000000000000
0000000000803f00000000000000000000803f00003443000000000000803f00
00803f0000803f0000803f0000803f0000803f0000803f0000803f0000000000
0000000000000000000000180000000000803f00000000000000000000803f00
0000000000000008030000000000000000000000008041000080410000803f00
00803f0000803f0000803f0000004200000000000080c1000080410000804100
000000000080c1000080410000803f0000803f0000803f0000803f0000000000
00000000008040000080400000803f0000803f0000803f0000803f0000000000
00000000008040000080400000803f0000803f0000803f0000803f0000c84200
0000000000c0410000c041000000000000000000004042000040420000803f00
00803f0000803f0000803f0000c0410000003f00000c43000000000000c0c100
00c041000040420000000000004042000040420000803f0000803f0000803f00
00803f0000c0410000003f000000000000000000002041000000000000803f00
00803f0000803f0000803f0000803f0000004000000000000020410000204100
002041000020410000a041000000000000a0410000803f000000000000000000
00803f000000000000803f000000000000803f0000803f000000000000f04100
0020410000f041000000000000204200002041000020420000803e0000803e00
00803f0000803f0000a04000004842000080400000803e0000403f0000803f00
00803f000000000000704200002041000070420000000000008c420000803f00
00803f0000803e0000803f000000000000a042000020410000a0420000204100
00b442000000000000b4420000803f0000803f0000803f0000803f0000000000
0000000000803f000000000000803f0000803f000000000000803f0000000000
00c842000020410000c842000020410000dc42000000000000dc420000403f00
00803f0000403f0000803f0000803f00000000000000000000803f0000004000
000040000000000000f042000080410000804100000000000000000000804100
008041000080400000804000008040000080400000803f0000803f0000803f00
00803f0000803f00000000000000000000803f00000000000000000000803f00
00803f0000803f0000803f0000803f00000000000000000000803f0000000000
0000000000803f0000803f0000803f0000803f18000000000000000100000002
0000000000000002000000030000003000000000000000000000000000000000
0000000000000000000000000000000000000000000000000000000000000000
00000019010000110100007b2274797065223a22656e64222c227472616e7361
6374696f6e73223a31312c22726561736f6e223a2273687574646f776e222c22
7374617473223a7b2262797465735f746f74616c223a36373937312c22656e63
6f64655f6e735f746f74616c223a3235303030302c22736e617073686f745f6e
735f746f74616c223a34303030302c22646966665f6e735f746f74616c223a30
2c226d61785f7265636f72645f6279746573223a383935302c2266756c6c5f74
72616e73616374696f6e73223a31312c2270617463685f7472616e7361637469
6f6e73223a302c227265736f757263655f7265636f726473223a302c22726573
6f757263655f6279746573223a307d2c22626c6f636b73223a5b5d7d00000000
